,frame,l_upper_arm_sag,l_upper_arm_frontal,r_upper_arm_sag,r_upper_arm_frontal,l_lower_arm,r_lower_arm,l_wrist,r_wrist,l_knee,r_knee,neck,trunk_angle,upper_arm_score,lower_arm_score,wrist_score,neck_score,trunk_score,leg_score,a_score,b_score,c_score
0,0,147.62477956589933,145.6188584226104,150.50172954193337,169.74162103040354,166.42415740048992,163.90093074023233,20.65865630945345,9.589281291932679,56.62900246253017,30.236188889134098,0.0,80.57008984511624,5,2,2,1,4,2,5,8,8
1,1,121.3063203944109,110.16151364272251,156.89354290505258,163.33958376466356,135.76409580821496,153.49873195227795,28.26664084170031,2.6772812821744196,147.93095471143107,98.11143374752928,-0.8390645334796716,82.07255588399678,5,2,2,2,4,3,7,8,10
2,2,141.90024691320636,107.67838219731632,136.4986289117087,164.56583171143976,130.1137981705678,138.37110301529938,5.286457742940172,5.422009441606065,126.75983155750279,116.13788022189021,16.5350912319237,84.86014906061435,5,2,1,1,4,3,6,7,9
3,3,11.545688284021827,13.35452487426606,12.49968728076289,1.2432950613194638,111.24446826421637,144.80057709157987,17.866458036018145,-1.6244463909937679,43.05526097529403,11.23199206230467,24.7047665410432,9.383872963701462,1,2,2,2,2,2,4,2,4
4,4,12.535370261269813,12.941793584388149,9.863544677133243,0.8455067762608195,114.2724572664677,139.70170395221538,11.877190822688107,-0.7924076633219386,40.65210209331758,12.057620461568433,22.881719043739338,13.75210666348581,1,2,1,2,2,2,4,1,3
5,5,11.035299866566048,20.645629227777228,7.993949284461014,1.0379645479621016,118.86640918835798,137.6704909078689,3.391373708147256,0.28720766006304643,43.88855058993576,14.004017875176714,23.32825723175759,14.433442462779166,2,2,1,2,2,2,4,2,4
6,6,8.8834952512358,23.706133129285497,5.015001010616203,1.450859653369691,154.364257201459,136.25055304866075,4.506733324554915,-1.5428735924480748,36.15694767168631,17.152585842194384,25.24849190291556,15.984497346792876,2,2,1,2,2,2,4,2,4
7,7,8.23339593903235,24.569591927314235,4.447469156658112,4.39198023032647,161.00808287856026,136.80869710998908,5.799051098382989,-4.104074993325838,38.794062583924415,18.478274222230027,26.394102915708487,15.367436194747373,2,2,1,2,2,2,4,2,4
8,8,8.930108593981387,26.480197504788464,3.2577907480442945,5.504778539066756,160.3919494431655,138.72114288333017,6.504352524980106,3.0547635635015524,39.875249831744014,26.094533727349045,25.064558832845137,15.728777226944576,2,2,1,2,2,2,4,2,4
9,9,10.098341717157234,24.422393081064428,4.27686442932122,6.647413829605123,161.32222456054504,139.56402279259524,5.089655680416456,2.928665430271991,42.79322359034086,26.236474208319976,25.92970041313447,14.767838142600848,2,2,1,2,2,2,4,2,4
10,10,10.28265125480339,23.04446244883033,6.972802592239748,5.37630286756136,163.73625565819393,139.8763279652138,4.986302951397448,0.21797399537820183,50.159674414104785,40.62413934191159,25.768438955891696,13.018421985352337,2,2,1,2,2,2,4,2,4
11,11,10.637345538162517,22.951729106454508,7.9483136846281885,3.9505543437858375,163.40807872332172,140.01573039429135,6.469200984261505,-1.1568224781524918,52.21529836416562,45.9841216532719,25.966599171455073,12.147420389079494,2,2,1,2,2,2,4,2,4
12,12,9.068993081747118,22.888566032011056,9.767274085844326,5.168894562240897,158.94743112029533,142.25468659919426,7.3220471555198685,-1.1689834116512543,51.79096160700263,37.36632139016879,27.19923389282536,10.294263966852212,2,2,1,2,2,2,4,2,4
13,13,8.709264752585648,22.763580646416766,11.756536863813801,5.0042403349252425,157.41029879806393,140.49448970335973,8.020212687018187,-1.4891965678485235,51.70541380983832,37.02690650544375,28.787704180955274,9.798946183771397,2,2,1,2,2,2,4,2,4
14,14,8.748119131072137,22.532629220441475,14.456287065234507,2.9010243733614636,159.4903431139344,141.07747907011526,10.02516469185079,-0.9669998035851108,53.459200164121484,30.644273578743423,31.76720559139602,9.586478172787967,2,2,1,2,2,2,4,2,4
15,15,7.77134864939606,22.173687556111123,14.821680448924418,3.5586644654837873,159.68440919807816,139.42311981922046,12.245740498776797,0.6769063141314859,51.030630124121075,20.922351660032433,33.19666297429902,8.83408190255904,2,2,1,2,2,2,4,2,4
16,16,6.667963144553461,23.286381274168516,14.000928266291837,4.723251378624057,158.14232700790546,138.708409768941,14.552888413042893,2.8500486197820862,51.663131511527155,12.721069694614442,32.744095508444474,8.642771730579836,2,2,1,2,2,2,4,2,4
17,17,7.442726783249967,24.53622159783207,13.75879593926982,5.711398212460744,156.02909716253728,140.7931562489289,16.665477980962578,2.075962074505668,51.55924577286453,13.914941810346164,33.05426036159943,10.31336505945138,2,2,2,2,2,2,4,3,4
18,18,7.791883442788584,24.696937279763624,17.060665756974252,5.269171213296284,156.25901251888794,142.7074150571786,16.53608103078426,3.601368376552273,50.76539431857046,17.102124860439943,34.22468366520363,10.601632155077118,2,2,2,2,2,2,4,3,4
19,19,8.715307082764154,23.88594303605605,20.415949137003643,4.586778398113909,156.11372434523327,145.34233993093102,16.190267197849494,1.1450363024700891,49.04079544223163,18.27668909688174,37.71927442386655,10.055373930301416,2,2,2,2,2,2,4,3,4
20,20,10.705026848322364,22.702657162763387,20.612748610450087,4.8128463445374,157.75841292762632,146.73231451686297,17.522154570609445,0.04236098890521589,46.7881021731049,17.013832213294307,41.453788166800464,10.075381449285759,2,2,2,2,2,2,4,3,4
21,21,16.803962714128655,19.971060670206267,19.962959022406356,2.872247252617929,157.9941993747026,145.3965413362663,20.110134370170783,-0.03875841740557462,46.040738837910595,14.902436300358886,41.901491557437566,10.791130866611505,1,2,2,2,2,2,4,2,4
22,22,16.362545854600942,18.488531880595485,17.313484190501626,1.4221574465947144,160.9312604349446,147.55582079800737,22.584030881762857,0.40103967650637173,51.055071049768316,14.786855205983017,39.857450482719,10.585944927629436,1,2,2,2,2,2,4,2,4
23,23,14.305798694149845,17.56466303297945,16.2700100260418,0.2775108685308099,163.08286996369344,148.1765952848872,20.294266754086777,1.0671373848136625,48.89811485739787,12.851535805252894,37.186058720054035,10.03027885917524,1,2,2,2,2,2,4,2,4
24,24,11.78643022133745,19.277784034786112,14.46267736278928,0.3993190748151727,159.77581885673212,151.95788629455058,23.081380937793597,2.3529501676987934,50.63879904167493,13.507427009492943,34.39030784921289,9.853363139518727,1,2,2,2,2,2,4,2,4
25,25,10.913087689230649,19.97077052723021,13.055204966016388,0.6905536168846461,160.72554489665413,154.00396165254523,23.287498704494396,0.8731600587326511,51.20136757612457,12.251584879508613,32.36178104906179,9.440469563731442,1,2,2,2,2,2,4,2,4
26,26,11.559832135464157,22.66299765310836,12.221165627924329,0.645901762793971,158.46814374729468,154.8039492546864,24.510650269579685,0.0007958658489997106,54.497309576020754,13.482835173354005,29.979560359020752,9.64111456496895,2,2,2,2,2,2,4,3,4
27,27,10.66718734844257,22.154275422808357,10.607316677794214,1.1054407720224844,158.89254614518634,154.09729399593454,23.55408585581128,-0.4253110937761164,51.36821076142411,12.310051799347974,29.044930944212382,9.511667828528854,2,2,2,2,2,2,4,3,4
28,28,10.413145693664452,21.983895790689107,8.525159144738842,0.7932085668769498,159.58516796797815,155.38208561034875,23.312720774772913,-0.07746219904745999,50.41990013418169,12.138822228104033,29.743924776866947,9.454642757936895,2,2,2,2,2,2,4,3,4
29,29,10.034233637724018,22.54370911842532,8.168164960620796,1.291480671822766,159.34685752041136,152.25215312641893,21.622143359766284,0.3764481287679473,55.70570881978769,7.378054735913395,32.05000847593962,8.952896674086656,2,2,2,2,2,2,4,3,4
30,30,10.062945992352313,22.339906644281438,12.466817892864546,16.896536609109997,157.71462893506563,130.22439375280481,22.55757469110182,13.153377642290536,54.08679230573793,9.210393295485659,31.4375428146314,9.160124930433334,2,2,2,2,2,2,4,3,4
31,31,11.495904586390068,19.334707895354814,12.863782154403289,14.058832675722433,159.32744639405914,137.493004356753,23.15001065978845,7.069967241588131,51.52991149965757,10.738567397079692,28.31671157449196,11.000050137955991,1,2,2,2,2,2,4,2,4
32,32,12.917721138331599,17.703212840609247,12.152755524524602,11.23870738979406,154.11276381838658,144.96495856287729,28.570364178412717,2.198066040557876,55.051827352385544,10.404677991766675,24.96295114132866,12.102941458327331,1,2,2,2,2,2,4,2,4
33,33,14.145955706228868,15.545152057557836,9.735231814890374,3.6525881023167033,149.4357810795075,148.3004918053637,33.21794182911739,-5.317019598413026,57.569730659585474,9.574522535070884,21.09580936951525,13.456534777098717,1,2,2,2,2,2,4,2,4
34,34,14.49448170465503,14.77366808788103,8.923532559644919,3.8220397209863752,150.01105099486796,146.6365958687458,32.28737380442365,-5.325170626514819,55.661048384360086,8.060059994507156,19.40323256812664,13.629800510887021,1,2,2,1,2,2,3,2,3
35,35,15.117674795694773,15.599442779078998,9.131305854024507,2.604731317579863,151.15123162672128,150.40824625058232,29.260756484379243,-7.530341825229698,61.35409200384517,10.928864632295443,20.10788413968288,13.299773789278078,1,2,2,2,2,3,5,2,4
36,36,14.667518100418777,17.638502296882375,9.346358027722337,1.424471312481945,153.0796841804996,153.35609742153923,28.018844068169102,-8.707392919491838,63.46885784474807,15.177836654359055,20.653045038198627,12.231383332333879,1,2,2,2,2,3,5,2,4
37,37,15.519908109706131,17.908649154852785,9.430078225596839,1.348729129231623,154.37439233075924,153.6929144338455,29.008654000398508,-7.733430614751427,65.74197273081471,21.529810922541287,18.350889414636555,10.984897888962703,1,2,2,1,2,3,4,2,4
38,38,16.592694061478696,16.94914093507245,4.516372395144268,2.2215825732798504,153.98614946562114,148.27251474537042,29.261871411097985,-6.667584856055157,71.8187178798575,26.569463401573586,15.718704930338589,12.24396055165244,1,2,2,1,2,3,4,2,4
39,39,16.67648626205374,16.269662476031012,5.455942039187217,1.949324904616583,153.08444383156174,144.44246117873612,32.19370475078881,-4.326131690485823,61.486823869498636,40.88204273201265,16.359985251781552,12.352510538071463,1,2,2,1,2,3,4,2,4
40,40,19.9653397450893,17.82153611145637,4.699430961352913,1.1746695133324532,153.7354919087235,141.97630559349489,30.973666616644834,-3.490299846302065,59.69868065992813,46.30592790585342,20.522080735995416,12.132314809373709,1,2,2,2,2,2,4,2,4
41,41,21.383456105852808,17.67513143916965,5.038075575442036,1.6324808704764113,152.33566590759523,142.68281447874978,27.90935482836872,-4.51668077514509,51.388207508972926,37.91580443612193,22.366956361788425,11.48108140572616,2,2,2,2,2,2,4,3,4
42,42,16.732173936229586,18.45029715364735,6.051182207568356,10.841188891688946,152.33302382497396,135.7062507693854,27.12369315730595,-6.1850742440825,46.77202785440534,21.68023904893974,29.68683955487481,11.510287224610197,1,2,2,2,2,2,4,2,4
43,43,17.46164339699676,18.944713956773867,7.74772874606663,14.688081568349649,152.162712998639,134.79285708535107,27.144834480930058,-6.875534871268542,46.519890954944515,20.06954425175212,32.214774434867394,11.09980719833956,1,2,2,2,2,2,4,2,4
44,44,17.787945257366122,19.25526400580164,7.577191088324672,23.409437204425863,150.37929393568703,131.99851837045276,30.781244522208056,-1.5194052224564416,40.26168693229832,21.219079277085882,31.669719263502458,12.984871766715713,2,2,1,2,2,2,4,2,4
45,45,20.667284982306107,21.490476664562188,8.230557842068928,23.49010002389258,155.52218228907674,140.21824683504582,19.866879323349536,-4.228923158230032,40.43356751905915,22.568834144745693,32.43176132247095,11.968760804433964,3,2,2,2,2,2,4,5,5
46,46,17.542706373184963,24.079775011005005,12.356655467866405,22.87207203014507,154.47441170683408,143.3949832905887,17.664699562311313,-4.155366259146291,39.20377751395296,11.858431243599796,32.14449358182404,8.779211986741199,2,2,2,2,2,2,4,3,4
47,47,21.358150592837607,27.34327271331567,13.408826953734023,25.018503187284697,155.58716944909435,148.7600126125209,14.446655967703236,-0.8158847073128754,37.678172638812725,8.92838278353716,32.147699679381105,8.789660238311102,3,2,1,2,2,2,4,4,4
48,48,24.509176190626686,26.97519207403227,17.259082674908505,26.920428055596506,152.80510744871333,147.11185614964705,12.90923236537975,-0.6693822718444267,37.92047714572337,10.069870017798877,33.65418629343375,7.954736921057588,3,2,1,2,2,2,4,4,4
49,49,26.89045278671628,26.931633045804336,18.726969007056695,25.099785053967356,151.75369296074714,145.43161772946783,13.025651175296701,-1.097092556032777,35.627378129178055,10.950366069336638,36.22747099429675,6.014613474429422,3,2,1,2,2,2,4,4,4
50,50,28.116527565395,26.369580679088152,18.841517195422824,24.833092386758594,152.81651023355647,140.86687079969903,16.315942193612614,-0.5733509340142859,38.86616532095954,14.164906742176555,36.15617297360001,6.172914601665357,3,2,2,2,2,2,4,5,5
51,51,27.95221082913512,26.16251935717262,17.979437879954045,23.96699087209131,151.91346568073124,140.68003887851705,17.699849626563292,0.7205944739677363,41.30664736804158,14.558541337300227,34.379381646530675,5.396742878528044,3,2,2,2,2,2,4,5,5
52,52,26.397954722654735,26.59499589936621,19.54027083370443,26.262279387819007,151.76926556621072,138.35943679921445,16.328195047753695,1.3435131516716012,55.54756824365704,15.65314844882792,33.09707879177785,6.120667693869316,3,2,2,2,2,2,4,5,5
53,53,24.30578494920798,27.182086121211917,17.246228154152394,27.147587983217942,153.19008233698207,141.93536733684434,12.11547048895639,4.8790444029544915,60.97478556171852,14.035284643151954,31.79715288958164,7.4359849205040796,3,2,1,2,2,3,5,4,5
54,54,17.633528699948275,25.104586658249076,15.865570383314656,27.20727406884229,151.9097325242916,141.05635277270395,9.201108058529996,8.103429070701566,70.4123323272774,13.756057721816205,29.815670042407874,5.8947012758106085,2,2,1,2,2,3,5,2,4
55,55,16.737694982815192,23.46167264422005,14.115396826970251,25.573883216098526,149.54755074529078,141.8714585855923,12.01166916331573,5.763261578572099,67.77998672796356,16.17424847136658,29.245956668813136,5.082281847581485,2,2,1,2,2,3,5,2,4
56,56,16.89116733532404,21.764574571513954,14.590719420148234,26.894512644404248,143.11319101673368,133.72313052765853,17.418918320285826,7.05506173753497,63.15485936677568,17.469424564278285,27.597270375625016,5.074971230519334,2,2,2,2,2,3,5,3,4
57,57,15.261201682851329,20.688590352530465,13.390837610445558,27.74525059892547,140.57568308669366,125.91855215447514,19.188632653175887,5.39067648140221,53.4394119672241,16.617048033941842,29.12170494372566,5.659458844177651,2,2,2,2,2,2,4,3,4
58,58,12.59310021434922,18.872808545527597,12.684433820364937,27.371236873023918,136.23003444233598,125.6882390050819,20.960142085307353,11.603711030717193,45.47041140120092,11.584526067074648,32.7986779737912,5.101004778764893,2,2,1,2,2,2,4,2,4
59,59,7.9440759661298355,20.9979324030424,13.481854626995013,26.302884546579904,131.46202708706937,123.75743981423933,19.536817476316486,14.832095229140094,43.15188344909282,8.234608965759207,35.16047312112363,5.006394166452861,2,2,2,2,2,2,4,3,4
60,60,6.521169329948151,22.111273393324403,12.581363199135243,25.72834239636369,131.04528011807486,123.24704943560127,18.082723047718133,13.536643240290147,42.65985194561529,9.854207900886337,36.75297411346912,5.350877709196537,2,2,2,2,2,2,4,3,4
61,61,6.7894584255489905,21.562584481333236,12.257672495908935,24.729301184793243,131.076025403345,124.82305835296748,17.52052390866902,5.754912989680349,40.32051622939852,10.763806985491954,37.26485017532323,5.18552187864738,2,2,2,2,2,2,4,3,4
62,62,7.445925059634919,21.49429641214212,12.85038060512273,25.165826884291274,129.6067819866455,124.3072530033312,14.521238271508253,5.83780297187306,40.2790335001113,10.039964196532082,37.78299529418709,5.31068311632665,2,2,1,2,2,2,4,2,4
63,63,8.454321134185689,22.662429905222513,12.248442661920963,26.54589303426768,133.2398144477938,128.87593593039065,11.021418796706001,-0.006592139242741268,41.957833713453056,12.074162466216563,36.641498425912616,5.945472480832714,2,2,1,2,2,2,4,2,4
64,64,9.628483547209054,23.37376019761982,12.32357562544123,26.962430164537142,135.30714354290154,129.87017823425515,8.672555541463055,-1.4741492019352336,44.01377262295114,13.130039326517561,37.4161551363856,6.60857821990401,2,2,1,2,2,2,4,2,4
65,65,10.948785236985973,23.17298469076449,11.358158515812809,27.512188082529907,135.3395313134289,130.56775841878147,10.137894646251112,-3.861968146856725,43.41157481124111,18.619472018662208,37.56597458992729,6.711712630965063,2,2,1,2,2,2,4,2,4
66,66,13.28147886872462,23.49568806952051,11.225661723708576,27.559354692791874,138.0743266981649,132.28984427980768,7.831683693845434,-2.5706174945797784,41.80572580382696,23.31467336903225,36.322798630398765,7.083734118243574,2,2,1,2,2,2,4,2,4
67,67,16.15340707735696,22.2412885922944,10.7957435634432,27.663540911662647,136.97315185408814,131.58136098700876,8.616273799800894,-3.1982409074099394,44.22676126546503,26.75591939510136,35.802356951494986,7.021128294179533,2,2,1,2,2,2,4,2,4
68,68,17.634708800851833,21.21215199432803,10.518126922177547,27.935876311252965,134.26795757728408,130.0275041045032,11.846658018683769,-1.3606979647434514,46.00959638166313,28.727943941203932,35.556981927761655,6.951654529598313,2,2,1,2,2,2,4,2,4
69,69,15.459625461758337,19.57596107160532,10.213964809505441,27.73599539636379,128.999576454171,124.85621164158174,12.787691412722921,-1.616796855965731,43.990619142185295,29.371356530717094,35.33121654257323,6.776233031803286,2,2,1,2,2,2,4,2,4
70,70,14.46210130141341,18.697351832883584,10.22370482865107,26.82192897274171,128.0972161949312,125.04986767783599,14.846522354500337,-0.4152459981029324,43.031462882167745,20.743884117433936,35.40128156653137,6.839068762619385,2,2,1,2,2,2,4,2,4
71,71,14.633129120906963,17.152556271218163,10.710048362850182,25.67851745822193,126.44564234274664,127.78984850893131,21.472485696288686,-1.5830673866816767,42.86466384667585,18.187528844394762,33.5155567491976,6.296546587377608,2,2,1,2,2,2,4,2,4
72,72,16.095930296618253,17.128428177625402,10.134490240956055,25.215196369262202,125.7808217462708,128.9289410709553,27.051709873637293,4.137296795728162,42.46076093942423,17.869332533483572,33.947419092838544,6.560983700605997,2,2,1,2,2,2,4,2,4
73,73,17.018337613668585,17.224584695464074,10.441326773433238,25.858295948924614,126.34266329517338,131.45298982993864,30.555357003821513,3.468396270597765,44.872311269620894,14.558485149404163,34.55745641866184,6.691105879588198,2,2,1,2,2,2,4,2,4
74,74,18.725602196072447,17.715681985049162,10.149749113531987,27.223364128686605,120.34046036702411,128.4616711233881,35.99383055160587,13.0983372399659,41.38893427641844,16.21127421836286,35.55786905335897,6.767839806580696,2,2,1,2,2,2,4,2,4
75,75,21.01123616301534,16.622979701755327,11.44582796970841,27.298477332641326,119.59232824779517,127.28253142732434,37.00865566934837,11.548410476217526,39.09418663865921,12.954259585672162,35.32037700761644,6.388486253463051,2,2,2,2,2,2,4,3,4
76,76,21.185287968356924,17.2253878489271,11.749681932527498,27.680810687427314,119.32536319802817,124.38140200399485,38.33246579170333,9.701780250080645,39.14295567533355,12.388388380377677,35.4743762205143,6.5344083628222736,2,2,2,2,2,2,4,3,4
77,77,20.77048358197968,16.868522411192384,11.940684740659032,28.344136761728684,116.97887427780934,123.54121693988019,36.950080385114774,7.870823407121662,40.90690610342435,13.393040552016089,35.523410623345626,6.426592019885131,2,2,2,2,2,2,4,3,4
78,78,20.912608553848816,17.34525789077479,12.707634875698126,28.988900000656415,118.44257622474369,126.20719658783418,36.230674457063145,10.293768668450781,41.73919755994521,13.690103705646635,36.91986563303087,6.7770478359089275,2,2,2,2,2,2,4,3,4
79,79,21.514392501162995,17.838929575299137,11.480910908961889,27.24316365436572,121.95575380383593,135.17509368577169,37.34578638083508,2.284257446921316,43.43754904331831,12.763256316139518,38.29183511656623,6.605374597919427,2,2,2,2,2,2,4,3,4
80,80,21.757893185227964,17.290455052149348,12.178202992411283,25.93992123423869,122.65176624982871,137.5109471006988,39.130722526103455,-2.163547421639464,44.084997477721714,12.38547007041987,38.0993376718089,6.023567075323733,2,2,2,2,2,2,4,3,4
81,81,21.908569779056666,18.20233080488396,12.334977845371313,24.057019547665426,123.48687621582098,145.3267879902891,37.960314712367136,3.8697292156477374,53.7326761316359,14.023761737347627,37.47024076730192,4.14548349783933,2,2,2,2,1,2,2,3,2
82,82,20.864704681498697,16.244475069607706,12.021225428508819,20.202020557873457,121.84197365697946,149.24616577226124,35.818378135287475,11.105053823349408,60.58758189213478,16.525155226232698,39.9002136909066,2.7531656911246096,2,2,2,2,1,3,3,3,3
83,83,22.9022091205685,13.150278699615885,11.332841487733793,21.93185593623955,113.72699431696465,144.0569680839152,38.67726105411978,17.501889640855694,64.60615435406623,13.359759684072202,38.211154074063444,1.0994535741667573,2,2,2,2,1,3,3,3,3
84,84,19.359921312934404,17.511433547093688,12.162917081227365,20.943029402793226,123.39646530487815,146.03081351224338,44.447702993645706,5.569657960377754,67.72270920390181,12.973678708791937,37.96449539592193,0.6925745408696339,2,2,1,2,1,3,3,2,3
85,85,18.679981102985515,20.115624789865883,11.436412711149957,23.296271071319087,131.52749902623466,142.94741707799318,46.540750699636035,0.20575726909558512,64.98097036000749,13.332288224139262,34.86602271129823,0.8202268702028797,2,2,2,2,1,3,3,3,3
86,86,27.720746750258616,22.2220530574,9.42027580743171,23.803822382139778,111.36605967589044,142.05153482892712,74.22158806455408,16.615345252790718,58.92201344819544,12.041571009260906,30.377629422399735,1.023602458740512,3,2,2,2,1,2,2,5,4
87,87,30.90941104526337,28.329811439757133,7.614931962067355,27.69960496378118,107.36894277443824,132.7180229199809,83.30269948804506,14.993399711199885,52.903715471695094,15.150465167705931,30.57204533877615,1.8913510043656288,3,2,2,2,1,2,2,5,4
88,88,32.365634437621075,30.462141284226114,5.656407926218603,28.34767029234953,104.68683048678517,132.8112523356691,54.046646984196315,8.884105399112457,50.9791962561076,13.575953353125158,31.295820613680036,3.130511371324787,3,2,2,2,1,2,2,5,4
89,89,36.730650122372666,27.406850844542518,4.0400590709973585,27.40363106630909,101.88379838912387,130.91286579947683,27.028063427021266,16.193096501223323,43.167830253592,9.438117132144555,31.804994147674762,3.0332307681799513,3,2,2,2,1,2,2,5,4
90,90,38.83367336396078,27.465227963043628,5.31363509127591,23.11522077131804,77.65960514133782,138.60644544875024,43.36803747920352,30.241146889967553,38.0591170953837,8.485314621408122,32.21909087208911,3.7068174893041936,3,1,2,2,1,2,2,4,3
91,91,47.645209841950226,39.93071332614377,3.6774751646956383,26.213083092278467,78.07003909890628,139.8919059289491,36.56170500602053,1.4173673318820477,39.21678726397752,7.914053151315585,32.34065713967868,4.0594830215899576,4,1,2,2,1,2,2,5,4
92,92,53.03406027828505,47.170291734082284,8.19911819716517,27.372821457189286,75.32547981292255,137.5177637475369,32.540480392990844,3.41858232264687,40.49014648980736,9.197644650024301,33.04893442530488,4.612589901899269,4,1,2,2,1,2,2,5,4
93,93,57.18283358928891,56.81370867439788,7.3218825051321454,30.660738442095006,68.74759158261908,132.03343144017217,12.97739813326379,-1.9874673064425963,41.9632423014516,10.668514395992474,33.97466732850401,5.2669858024739655,4,1,1,2,2,2,4,4,4
94,94,68.08871959657061,63.20154118867239,5.838876418303966,33.31390813165178,69.0923134012419,135.22940376800256,27.48918222311164,-0.7529897804566588,47.171622059225,14.03249292340692,33.88475263465827,6.267641833768422,4,1,2,2,2,2,4,5,5
95,95,73.9243967061027,68.21737948848768,6.890252503187863,32.5338299997932,62.420618027038785,135.34549752743325,29.921286035027265,1.5098208260942556,54.08417018480104,14.60472690316476,33.91770334844358,5.8579169488863485,4,1,2,2,2,2,4,5,5
96,96,75.74976135239564,68.68604591561774,5.0551554649441295,33.953594899303766,60.016891434411434,135.23467937313114,30.638713815217898,4.1490669176448876,62.1401626521548,14.424379244768573,33.35451518469216,5.34724615144197,4,1,2,2,2,3,5,5,6
97,97,81.03077319255186,68.9926295501085,3.6239348360508923,35.443473572753774,74.86975692244378,137.39547075557485,33.99013870430272,2.193685263458576,69.26550954702638,13.092065536499717,32.92390034899287,5.215040215024447,4,1,2,2,2,3,5,5,6
98,98,77.71476598666563,64.01040042262959,2.6963203475059965,36.576053174818924,77.03357640196585,137.69577447189366,36.0549246173934,4.675328675954205,73.59048653066318,12.506299464564762,31.445009411931125,5.412881676238703,4,1,2,2,2,3,5,5,6
99,99,75.18801407666236,61.63269231080301,2.0948492218529444,37.115945980717925,76.19408544136674,137.83092343527372,40.176129579727274,2.370206018849956,80.57290729184984,11.954841088810184,32.08132672156779,5.270027809244026,4,1,2,2,2,3,5,5,6
100,100,81.46029308279687,65.1750001175931,1.7464090708023075,38.78232383306549,79.56165385388688,139.10000564661217,41.131698559962615,8.96039290059619,83.68888930561783,9.615439308756322,30.286481026223015,5.324152495072938,4,1,2,2,2,3,5,5,6
101,101,83.64550265009821,65.25485318756974,3.4326608797505234,40.50475924850969,82.70449654091566,142.89759413996566,38.374436640270744,14.769416870799034,86.74287908274418,7.578180597844835,29.206927243483534,5.658433891199481,4,1,2,2,2,3,5,5,6
102,102,82.48763388233256,62.393760956277305,4.403293850989664,41.95793148342697,80.28841617592957,146.19127600959723,40.570666481514166,17.609851286457797,88.0772091190712,7.3048689334123935,28.360756017183775,5.607822999393574,4,1,2,2,2,3,5,5,6
103,103,86.14874445806734,66.1525562844663,3.6461946340212212,41.32588150147215,76.89735027440982,147.2038593735521,40.28834271823703,9.9226823539517,91.42278287559172,7.670243978721999,27.94205318803759,5.671213824458913,4,1,2,2,2,3,5,5,6
104,104,84.86960181365114,62.64735777384882,4.746695900047232,41.62517122172293,80.88296188639909,147.57915086383184,39.06760698757847,11.111924899547688,91.39123787386993,7.116483515933226,27.286530196214215,5.708060306055725,4,1,2,2,2,3,5,5,6
105,105,83.95795697625833,61.30421988418948,5.846069928591764,39.84399305520627,81.80173476229758,149.42791636842077,38.57403793841172,14.980446221854379,95.82923365664959,7.267890230353203,27.714338681468547,5.581343743356092,4,1,2,2,2,3,5,5,6
106,106,84.80195774964429,62.5007977400202,4.795291939301663,38.69620812174701,80.55779505349601,149.135231084565,41.87879053428631,10.8118874195317,98.59497551454731,8.537663679393063,27.596802466515584,5.235907869371305,4,1,2,2,2,3,5,5,6
107,107,83.652429853601,60.92793457894679,5.800872426017123,39.26751404237234,82.18375370379022,146.89084100860526,39.78149533112418,6.770516457564412,100.84063523893981,8.847593580177943,27.251558874924825,4.738490431790877,4,1,2,2,1,3,3,5,4
108,108,79.83790623246085,57.114840484742636,4.148883737573648,38.09707373588407,81.14464405271515,147.63278469717858,42.168962566345684,6.553828779590447,100.54967921759743,8.706750716360403,28.09405836806647,4.624613249213511,4,1,2,2,1,3,3,5,4
109,109,77.05948621100113,53.94248359436499,3.946656043597708,37.27740304545735,84.50935835641108,147.71510739793553,43.17425492689851,5.294631861541916,100.7826375675171,8.705918328427913,30.4108948203949,4.32241455939106,4,1,2,2,1,3,3,5,4
110,110,72.34563723001855,48.611234392778414,4.026945336259104,35.53518431631601,84.69466070133548,146.52710442205526,40.58472271337368,3.3771488265421965,101.33864904887889,8.564166965578437,32.23857292700481,4.351421478228959,4,1,2,2,1,3,3,5,4
111,111,70.69148584275203,47.142989319528866,2.8350025548989417,34.45226869479528,83.15384660687029,147.61554946822594,41.12935165156824,4.558030550804972,101.76043782821553,8.821193659434527,32.26039088834705,4.405472026681222,4,1,2,2,1,3,3,5,4
112,112,69.36571282871162,45.451810232763606,3.186993690311118,34.99841772085792,83.76833032187871,147.39596819283747,38.60036609776472,2.4959968075062307,102.15623078981169,9.593732051567201,33.21884629948917,4.432126027678293,4,1,2,2,1,3,3,5,4
113,113,66.82783226284121,43.4660794501542,3.8116032988385578,33.77515163481206,87.49171056068968,147.68509176335272,35.54726948432747,5.93125913899965,102.14356919689021,10.27351098300332,35.06421986553829,4.5817296915815495,4,1,2,2,1,3,3,5,4
114,114,65.31388077550604,41.664304406704495,3.6205304075445226,33.89253574444539,94.99919076050777,148.50475319832006,22.9043761360424,3.606816512267443,102.06775706481702,10.412509988383675,36.10745444728937,4.489285336376979,4,1,2,2,1,3,3,5,4
115,115,62.99195961175277,38.49973234148865,4.863112842946218,35.67050299745795,105.39985403753856,148.7811426241213,-4.150562168248825,4.285401088537839,101.74147263173847,10.043005075477339,36.19736778995593,4.047098347360918,4,2,1,2,1,3,3,5,4
116,116,54.49183729453169,31.12897835564267,4.698570883622072,35.30464638250028,108.7051161697162,148.27397419310267,-2.2971416442385078,5.712262425271717,101.25253230895906,9.514389940852027,36.60760268674059,3.282392130308406,4,2,1,2,1,3,3,5,4
117,117,47.654428472938115,26.608247474342726,5.227033824924743,35.562628566112956,110.90926845003777,147.0815502166959,2.505779726609461,5.1794126220127055,100.27869988025923,9.345445835847272,37.82131902191129,3.01758425600018,4,2,1,2,1,3,3,5,4
118,118,46.011812958634195,26.185497426749574,6.683153634122862,34.94822055554628,115.70155103750139,149.53023547525135,7.675068664620682,7.9515691911729505,99.52890931483837,8.506139806972328,37.391612349683314,2.4614947477729796,4,2,1,2,1,3,3,5,4
119,119,42.029289102593104,24.9454485337131,6.529466750330971,33.40744091779715,120.46197384694406,148.98021180761143,9.026909539022256,8.507247659519464,99.18846969541875,8.159037252429187,39.10197481282165,2.293260207212365,3,2,1,2,1,3,3,4,3
120,120,33.956498753195234,23.3893638325642,5.6502965768037,33.44288733695394,122.76662076495143,150.75039041613246,8.137056932451685,8.122066313081149,98.52684747562479,8.344285171477054,40.757421481461904,2.2922426230479096,3,2,1,2,1,3,3,4,3
121,121,29.23768508282851,24.096177335968708,5.14634321987192,33.41944775912888,124.1620755490421,152.70409631264965,5.541128163051695,7.798175223736621,97.794149430686,8.644712691858615,40.93257713320757,2.688281050021019,3,2,1,2,1,3,3,4,3
122,122,25.742506243527703,24.217108529751556,5.255598092011347,34.01971134319094,121.0396222941131,152.70229093509502,13.800880847900459,8.015217932691229,96.86088007604955,8.959783918188577,41.27042585072343,3.339140120911106,3,2,1,2,1,3,3,4,3
123,123,26.50920192090458,23.16670469868741,5.714228900638283,33.80409857117367,118.03837606954191,154.16461809102356,9.694237592004868,7.571822010152118,96.14006993028445,8.703268357180207,40.90769941185346,3.627252547380159,3,2,1,2,1,3,3,4,3
124,124,26.485724929347228,23.210191695506225,5.371426598269416,34.25530397540018,119.96641236915502,153.61705654442792,12.425641216725609,11.56440631199655,96.12746034877911,8.638109191202261,42.57970283701448,3.989994793274827,3,2,1,2,1,3,3,4,3
125,125,25.483961253032373,22.933726495080457,5.300859165856435,34.90945447077507,122.82592929318109,152.917619529322,9.592993186535693,11.310117532290178,95.44232926676882,8.88879215367848,42.92709861089298,4.380201107528693,3,2,1,2,1,3,3,4,3
126,126,26.03713120452564,21.94888673388729,6.07193286912228,33.960216812005854,120.35659897306503,154.1035115931405,-0.3103594621626087,12.179144709784651,94.03139510529141,9.832881415025952,42.54671422750113,4.787987826486223,3,2,1,2,1,3,3,4,3
127,127,26.302191776594825,22.813002066308528,6.0446535692734615,32.08168381007999,116.94389523363793,155.2527604586584,10.228086419952064,12.742081605894214,94.64111035837904,9.929234862839081,44.0917733895423,4.845474695961082,3,2,1,2,1,3,3,4,3
128,128,27.797898889082344,21.410468450187228,6.103979401240391,31.544336635085205,109.3252616687767,155.76123598944224,15.377721803677588,14.322883749638379,95.24684307240838,12.216290523925096,43.858194882205964,5.005379553887619,3,2,2,2,2,3,5,5,6
129,129,29.361225067551274,19.649127627368575,5.574300349847804,31.92802423346915,108.95799216744581,154.21921227137523,12.592469382905477,14.001611885302907,95.46603302135232,11.097111052974782,44.00483858126738,5.190637636379023,2,2,1,2,2,3,5,2,4
130,130,30.16057552959873,18.737257707498323,5.167877899469768,31.236679473514183,109.8912767355253,153.7096842537461,12.702961155969348,14.326638709421132,95.4657348271868,10.096909956428988,43.39925612864312,5.283352931549129,2,2,1,2,2,3,5,2,4
131,131,31.09460633966188,18.12555665508679,4.789353003597421,31.12960412122501,110.84578348417742,153.12319379839087,16.313886379127922,13.934302899026335,95.60751438345777,9.287533071647175,42.73072045085814,5.504388668077232,2,2,2,2,2,3,5,3,4
132,132,31.316788759705027,17.818068041478863,4.728550030735405,30.471166042254932,109.9707127287815,149.63664394137146,17.87324704965002,10.37801429271235,95.5124288423961,9.20789861182547,42.35357592624625,5.675080824170269,2,2,2,2,2,3,5,3,4
133,133,27.14025273876071,21.59601284103073,5.023544761174871,29.824449054919686,110.21297911246924,150.31732972346236,20.473978738778044,11.482132156736384,95.82292635881345,8.986009776784442,42.42909391806458,5.946800708131899,3,2,2,2,2,3,5,5,6
134,134,27.83436574853196,21.029644389873553,4.87240285783272,29.61658564430507,109.26070693539845,151.75942823450004,15.203226806297863,11.824815300736304,95.9064188470943,8.382612416204864,42.65400729833871,5.895945993886952,3,2,2,2,2,3,5,5,6
135,135,27.902884766732548,20.676063001247346,5.300336420309843,30.842533172794834,108.1943698635491,151.27796401209372,16.651508064563984,13.05331811459024,95.38866348536175,8.951562184187935,42.51559003332021,5.941823364719739,3,2,2,2,2,3,5,5,6
136,136,26.29957894784698,22.229241767250926,5.593538591043963,29.995674956496146,109.24646750366344,151.22651014565167,19.22511422394618,12.492189111220256,95.64529051285653,8.364073931318444,43.0409871875102,5.986887803608815,3,2,2,2,2,3,5,5,6
137,137,27.291621060009188,21.3548376085256,5.341640523764291,29.631669129908722,105.87991364700574,151.50029032149646,21.259652031174937,12.437201650250756,95.71860059493723,8.000994480697557,43.072380431755946,6.021971798182099,3,2,2,2,2,3,5,5,6
138,138,31.018378667979214,18.34906497139002,5.271610521248205,29.535762515050106,105.6589934990574,151.03162165660598,18.23854709579618,12.06137805843025,95.6232009031656,7.47817237481641,42.93996347385651,6.116751687510974,2,2,2,2,2,3,5,3,4
139,139,31.66329837934166,17.687207422452946,4.818040269507851,28.611790892983468,106.9281109126265,151.03955576334482,16.643808568953858,12.565111845240438,95.51966766773756,7.178205230421298,42.86105777554367,6.1185833338471145,2,2,2,2,2,3,5,3,4
140,140,32.37871237709141,16.638199497277704,4.819738559404819,28.69291384091301,106.23970163636614,150.95043331998912,15.844622498043861,12.623332332381239,95.4761968660725,7.333081686213575,42.802886250302535,6.139398541083814,2,2,2,2,2,3,5,3,4
141,141,30.945392982858635,17.797673832227712,4.584723425075501,28.059517855492988,107.2177051441904,151.1123072001446,16.29399438293757,13.065987953312685,95.65515109835775,7.190168030662932,42.64599911113673,6.210545410293488,2,2,2,2,2,3,5,3,4
142,142,30.793841106967037,17.58392337501608,7.147757782389605,26.932782069948296,106.22713335162796,145.94761279182146,16.72718143383304,6.379776466621166,94.84298362448722,6.855215326976918,42.012271358829736,6.594922970401514,2,2,2,2,2,3,5,3,4
143,143,30.519063922815093,16.332626754726736,10.251596034595446,27.440629185056416,104.5770843553169,145.30115425173062,19.367834940518236,5.502098936633786,94.13821348004282,7.16141245505375,41.857366828832696,6.709150195947393,2,2,2,2,2,3,5,3,4
144,144,32.6726797926473,13.623856221260308,10.085115837543615,27.363262771070882,103.07650147891803,147.27926779548835,13.735609268452777,6.935222096119219,94.08849123961726,6.676219368778078,43.117872940879806,6.847891029661911,2,2,1,2,2,3,5,2,4
145,145,32.908499205081,13.05051823560289,9.971180368021253,27.862028039538135,103.23641282828098,146.4556834173027,12.412217471419439,7.09294498817863,93.71809689828132,6.830721192350126,44.479149617291455,7.012850278341392,2,2,1,2,2,3,5,2,4
146,146,33.63118374143341,12.26774070545442,8.242968033438139,29.005397024632437,102.96492925640625,150.70937400725435,8.05472159361753,13.65820017046343,93.54989565869293,7.709945509553819,44.804046934212536,7.173342712641613,2,2,1,2,2,3,5,2,4
147,147,34.6183418169797,11.522778009613326,7.003334466503926,27.327408320813962,103.57301302945072,152.19458016216473,3.3246905411073158,15.725437150917003,93.02350172786171,8.568363298046705,44.554261745396616,7.345521337601184,2,2,2,2,2,3,5,3,4
148,148,35.29922399337412,11.587423737293419,7.509944025287235,27.59957839647908,104.28792242720799,151.21961941817665,3.6001698396946153,14.610775627837086,92.2247201909839,8.438713252331212,44.36894956766676,7.431491621328013,2,2,1,2,2,3,5,2,4
149,149,35.289557893802275,11.341299560218278,8.792413517864437,27.645297947637665,104.42860599448262,147.64684315220757,5.111126217153043,10.884588905053022,91.6811686932746,8.34065915751603,44.21449893200321,7.596357378091297,2,2,1,2,2,3,5,2,4
150,150,35.83555843920066,11.511540337571255,8.847748864118637,27.795709989948815,104.6365645296345,148.39123562664065,5.777085755165643,10.997382251074697,91.20362182348481,8.94006456554564,43.325746011209404,7.892228977965189,2,2,1,2,2,3,5,2,4
151,151,35.857987631972456,11.123282378343326,12.64875453886558,27.886132383201947,103.29257292385834,140.96368832379235,5.505266833746816,6.461602701712309,89.98031841509093,10.323357269932615,42.82507967695989,8.149415583816811,2,2,1,2,2,3,5,2,4
152,152,35.74104406424902,10.502647999054236,12.803316657615317,28.52604516655338,102.34061828318076,140.33827553895387,6.58205564560177,6.80295383455163,89.45981561363493,10.914916018063138,42.24007788599798,8.42758397516878,2,2,1,2,2,3,5,2,4
153,153,35.90538399810142,9.66921844075223,18.455781867561676,30.120643907987148,101.20724483581711,131.97874624906544,8.635868677107169,1.6902593417146363,88.66560168702972,10.8395942150037,41.71706831747214,8.703049204717757,2,2,1,2,2,3,5,2,4
154,154,36.0515236056428,9.931997916877947,17.57671895284947,29.21879544926665,101.70310422384006,136.05005448617075,10.121984568801992,3.3913173233193845,88.3279341548022,10.179378018205881,42.03382456211949,8.572939490850832,2,2,1,2,2,3,5,2,4
155,155,35.366863631680665,10.86486121593487,17.41253302926594,30.908705195953647,101.25593306867214,138.03436980952998,14.461294753425591,4.3232596115399815,87.99853280990256,10.639330753406341,42.27963857511163,8.338158877435689,2,2,1,2,2,3,5,2,4
156,156,35.88435963402708,10.19145912220721,21.56058083366014,33.59222265843308,101.5972477089115,130.85274335071202,12.212190872402743,0.47796229717809524,87.50589218088703,11.156174149096046,42.46425770088085,8.265992402820892,3,2,1,2,2,3,5,4,5
157,157,36.11956342697757,10.415749872933556,20.983589658414143,33.596319505438665,102.22588562643425,133.92846814459887,12.956328274876341,1.6180454043097257,88.38940508436029,9.420459531979986,42.870776990652615,8.264295908557095,3,2,1,2,2,3,5,4,5
158,158,36.35460327949481,9.72628844993944,24.715567851763407,31.450216307220597,101.57442840975678,127.95674963184439,12.653359598450805,0.7904557250288065,88.32399320299896,9.424813703825464,43.71736456922643,8.308922238800475,3,2,1,2,2,3,5,4,5
159,159,35.19856198535125,9.137784320815149,24.847310635227277,31.31862954968457,100.94835527784055,123.7895716218838,13.262414486273315,3.131651292453398,89.5891197873183,8.005828718587736,44.165221188478796,8.20358627406534,3,2,1,2,2,3,5,4,5
160,160,35.92769506361245,8.637187470224777,22.98816407936917,30.967756805313453,100.72963218693054,127.43510176678461,13.41181645051816,2.514461393435454,90.8184566099267,9.240004175913441,43.94051350953879,8.22155301811084,3,2,1,2,2,3,5,4,5
161,161,36.21403539011975,6.525353683622355,34.823546101021904,23.506751173671258,99.29027783754917,125.69473825279125,22.03022820110988,7.976411016831008,90.15823922182211,9.707478331953865,42.37234878475016,9.000313734160832,3,2,1,2,2,3,5,4,5
162,162,35.678464351416814,7.813631907509484,31.220499854233108,26.286409078874662,98.47077567456806,122.98388099057988,20.423028286479422,8.081815336204926,89.64960590862987,9.821194972800384,42.766175227935776,8.901273746757413,3,2,1,2,2,3,5,4,5
163,163,35.515084016946375,8.245830682414551,28.406932021601854,27.6277268923185,97.41914912620358,124.52247258803071,19.33913418047726,5.150712159821779,88.1261059834093,10.641107507443195,42.804116818234064,8.955853873880727,3,2,1,2,2,3,5,4,5
164,164,33.849544888805454,5.857571621557213,34.751262313494706,24.55049318323125,96.32912951358557,124.71938959610478,21.453474256734125,6.995794233505393,87.16832259843684,10.737574268127702,41.58053538422584,9.29792020817821,3,2,1,2,2,3,5,4,5
165,165,31.51374284182301,4.449730847604671,33.20984837301059,26.032205162947697,96.06380775018309,124.40604695652183,23.133908975049735,7.863800582173582,86.88615341001888,10.909193740579155,41.242894070735616,9.175482221323252,3,2,1,2,2,3,5,4,5
166,166,30.22288012204989,3.4968268789466874,37.3810512453741,24.20363570274925,95.57150972971219,126.9865185501332,23.22546805914436,8.124647223869914,86.9415637508282,10.970117023039649,40.15439386805596,9.268601154802433,3,2,1,2,2,3,5,4,5
167,167,28.5444328803317,3.0493932858290558,37.24945898271125,24.5631296336401,94.16366544547377,127.33629697155541,24.726494498611032,6.740741955583275,87.3521289716252,11.165396568366617,39.344827186508624,9.444154049057945,3,2,1,2,2,3,5,4,5
168,168,29.14933286520939,3.5678588706640344,34.97864070041326,25.406983580677288,94.45838461988073,125.38764814471837,25.080213406236766,8.602125026864144,87.96973308318614,11.35652263856997,38.848707975813085,9.397894868166402,3,2,1,2,2,3,5,4,5
169,169,27.95033225322741,2.582546660490391,35.31552818681107,24.831069654173415,93.40001966568624,124.93234833270435,25.063864946696953,9.989492496765394,88.04963350610966,11.163168327243824,38.372990397163676,9.488422064508924,3,2,1,2,2,3,5,4,5
170,170,28.714684220090763,2.6391768852612447,34.31508282944039,25.273497618047024,94.12132713969568,124.35071704035425,24.32960954589805,9.054525226417866,88.48864448127948,11.219893781692633,38.050288767803565,9.560770798282883,3,2,1,2,2,3,5,4,5
171,171,28.96850440804133,2.6656995757010544,33.83769073765101,25.18971671336114,93.69473246449284,123.66598378689778,24.909594720354875,8.868858663749364,89.17342424417889,11.536582292227507,37.78851015849445,9.757151186655289,3,2,1,2,2,3,5,4,5
172,172,29.88026683975505,3.1174333592391954,33.5322066257727,25.44214367216044,94.4210918900147,123.5862032317721,23.08704642937866,8.019262051939421,89.88753204884976,11.768132509618965,38.17830227591027,9.810847384098876,3,2,1,2,2,3,5,4,5
173,173,31.06866886382415,3.4906812895222723,33.626063739275175,25.564858792524433,95.34755905105145,123.73435806738829,21.91512385375995,7.355430642330447,89.9773647055406,11.476880776064206,38.1078063167558,9.841017710982285,3,2,1,2,2,3,5,4,5
174,174,31.951506553710846,3.368132120441557,33.74926619846046,25.27068610124452,96.36573219633927,123.80510099753164,21.107946896829276,7.204364563533858,90.01604456000932,11.420531100974358,37.74089461595153,9.948001664546654,3,2,1,2,2,3,5,4,5
175,175,33.15370235877588,4.059641983543628,33.85882545402073,24.96110875840918,97.28678194308932,123.88011062629552,20.607717032459703,7.2774278038566536,89.78249946025748,10.780829882531322,37.26602565472106,10.129243886036361,3,2,1,2,2,3,5,4,5
176,176,32.73036434049156,3.753792673430005,35.134012349796016,23.599938369926434,97.0864572877085,123.84489070753654,21.025193126405014,8.042657119450354,90.22628011414643,10.545669707998599,37.66085126005858,10.280431198408467,3,2,1,2,2,3,5,4,5
177,177,31.602888404434683,2.9294846144775124,35.9812507913647,22.91378067736286,96.82748666349609,124.20464570504944,21.862263290797358,9.148886076502095,90.99059573695715,10.43361547409819,38.282778139692994,10.357826670003806,3,2,1,2,2,3,5,4,5
178,178,31.500089672220266,3.0143759773763046,35.51936793818145,22.91651761680651,96.8252447724148,123.99446649088796,21.00412291168297,9.382709432035824,90.69620124216898,10.146915219039414,38.80366028688509,10.342661980312586,3,2,1,2,2,3,5,4,5
179,179,33.05559130156251,3.4616565363260663,35.01438515050231,23.231612486726764,97.7908829144183,124.44624538524042,18.990560531405208,9.781971735029686,90.23251306062052,8.342444392223115,38.64203313501871,10.406641857199466,3,2,1,2,2,3,5,4,5
180,180,33.65599022021878,4.385216178462154,32.87255529535691,24.782189412607043,97.56156642929943,123.14401959977705,18.612390522093136,9.997737072789675,90.47335970959821,8.309559063830136,38.71835994004506,10.402625165449129,3,2,1,2,2,3,5,4,5
181,181,33.27972827025825,5.127198394308025,29.846596852380145,26.183336088856024,97.10763313879096,121.1223654592934,18.107543692457853,9.21920686349435,90.71805778313913,8.391912328088836,39.241079005682224,10.187170936871423,3,2,1,2,2,3,5,4,5
182,182,33.04452272479198,5.526601772673793,28.198368932468753,26.677858301255032,97.45998164294244,120.27694537866087,14.532395460478227,8.158132228957697,90.86120359797191,8.530465989367372,39.80394874839794,9.90929451415569,3,2,1,2,2,3,5,4,5
183,183,32.992472579437816,5.76199375864364,27.629472451363736,26.62485602010476,97.76207468527663,120.61979043042766,12.900174306776108,6.780109672388562,90.9741970694087,8.451868085148618,40.02240497393174,9.754833157149395,3,2,1,2,2,3,5,4,5
184,184,31.90586371451478,4.729919300372015,29.301975634137765,25.28245943470037,97.16438212729872,120.73202846316235,14.24971310092053,6.307951224441354,90.95583505739563,8.390360774976585,39.83133573852699,9.721055590480338,3,2,1,2,2,3,5,4,5
185,185,31.998346234322735,4.565195422270317,31.43176810522958,23.68168849227836,97.10208861216776,122.14864614185949,14.712974714702085,6.205651058085067,90.81834451956053,8.206353798612014,39.71831964499471,9.66497956411457,3,2,1,2,2,3,5,4,5
186,186,31.040392686059825,3.622215020957449,32.77912312487491,23.03838845809643,96.79264143672758,123.05070658021523,16.45768748631113,6.293695933446628,90.58439710384326,8.543271081909523,39.222531677388375,9.825359978621254,3,2,1,2,2,3,5,4,5
187,187,30.52774465351013,3.5004388551361414,33.40556045077706,22.624103020536136,95.69214746328544,122.97729059605015,21.70843319676854,10.215675831303685,90.03729550005785,9.44711157559584,37.467497778609115,9.90975860489786,3,2,1,2,2,3,5,4,5
188,188,29.65033870329924,3.345848766333703,33.964895562102676,23.015716407559182,94.25557407874375,124.03275564033738,22.44466383532864,11.44291864166101,89.57681659469505,9.358590546314076,37.57974095541451,9.89515484926328,3,2,1,2,2,3,5,4,5
189,189,29.713899413627747,3.310721636344124,34.22475499515232,22.88408045096233,94.04492446128121,124.25297592220502,23.15547813146003,11.296208882482887,88.91749011575435,9.118793386949534,37.61255792284366,9.884802407484473,3,2,1,2,2,3,5,4,5
190,190,27.807448286907253,5.540034549690908,34.39775719658674,23.783720313012655,91.85713401948891,124.14836766827517,25.1532785038917,10.928364709258432,89.23588300173616,9.579512968861621,38.14693682857347,9.868884462197231,3,2,1,2,2,3,5,4,5
191,191,28.686946188166985,6.573793193811325,29.45191363742202,27.82312892739651,93.5038305212562,122.23378416701652,20.975603631211442,7.422100491708164,88.84204765719335,9.417102470637701,38.73331059321049,9.695207599420456,3,2,1,2,2,3,5,4,5
192,192,28.67416022946391,6.595507281368638,27.966330732173557,28.590171831126707,94.44964377664665,121.12424864476645,16.188281023097744,6.285393961974393,88.06935631988519,9.73892265008476,39.70045241271677,9.509072578627428,3,2,1,2,2,3,5,4,5
193,193,29.748755841909073,7.240865826426005,29.226606319429102,28.045396934968892,95.17681396465991,120.50871906131698,9.52296485553245,8.661474544052794,85.3684843580419,9.783540504438662,40.31056155473013,9.545846491158747,3,2,1,2,2,3,5,4,5
194,194,30.69791029206468,6.505922371378209,28.63563138006515,29.440622548670586,95.86111790842936,120.15941026184794,8.155427628504157,8.12516627720575,84.0737776226202,9.934153019209134,40.355643187470505,9.621340028304742,3,2,1,2,2,3,5,4,5
195,195,31.1588596612273,4.932899552704227,28.927764689741885,28.029803719687187,95.81356410408691,119.51206129331248,10.05014951465597,9.164077777015933,82.05665790827018,10.190273363017155,40.31301686373057,9.635872768901423,3,2,1,2,2,3,5,4,5
196,196,31.72730277660486,4.235616079046399,29.76398649666816,28.187024487845516,97.06573769159307,120.00078614261813,10.294341552623735,8.580722730508484,81.40712708772631,9.899766909777497,40.65100149467578,9.630898420633534,3,2,1,2,2,3,5,4,5
197,197,31.231328931309513,4.1794680767788694,30.001186756556322,27.877986151010646,96.65105852311585,119.81139693373943,11.918508166517029,8.718312498589142,81.20997253376095,9.740012461336278,40.6417968162676,9.626061617509663,3,2,1,2,2,3,5,4,5
198,198,31.192260234260917,4.34039653558177,30.298781890533697,28.083754104743065,96.79432415352548,119.4914906036527,13.031216850016222,9.260661877877311,81.62335512061951,9.725011637142785,40.63452909453781,9.659675208157505,3,2,1,2,2,3,5,4,5
199,199,31.954870293381493,4.465243570958345,34.17806880092544,25.52119624988145,97.20389334893815,121.60503402084728,13.689975567511084,9.692106482169379,82.72899664398363,9.987621501299571,40.20787897553569,9.904077880416928,3,2,1,2,2,3,5,4,5
200,200,31.900732381139697,4.046878557994531,34.984651012144596,25.217998188072333,97.03108754770274,121.73793904444398,14.008588400182646,10.810114384029873,83.30164343673717,10.02320238999036,39.904908347900815,10.155327608336929,3,2,1,2,2,3,5,4,5
201,201,31.937138307400613,3.9555900899558525,34.16105842227701,25.98108441913543,97.01996579320353,121.0800434189639,14.231350099078924,11.311900582032536,83.7175188808565,10.13285104235132,39.69858129386823,10.187367737026383,3,2,1,2,2,3,5,4,5
202,202,32.746838212425494,4.523467919199928,32.18071742455937,27.89187620099995,97.64441135000966,120.07076536782002,13.023357303733576,11.741026845743022,83.67510775994764,9.991090489563305,39.73527837556962,10.226345179569897,3,2,1,2,2,3,5,4,5
203,203,32.80143920716716,4.598146023224234,32.34160044079117,28.39022710247238,97.79458821023385,120.11977108775463,13.0908210620903,10.823412934717851,84.06101193140489,10.01704504631303,39.586732965840966,10.279564525767292,3,2,1,2,2,3,5,4,5
204,204,33.08400174788278,4.725682176118546,33.0153033951714,28.1982162853825,97.9365217217486,119.7784597771746,13.268267030282658,11.36980581213723,84.23139880257236,10.629215901950744,39.48324721681122,10.319047895972261,3,2,1,2,2,3,5,4,5
205,205,33.171392904813416,4.469752647872114,37.7733488500285,24.391016728751147,97.97473578117436,121.59952096829471,15.087689326915694,13.670621012103425,86.04229336437476,11.877383070437702,39.1569755006239,10.460793763964462,3,2,1,2,2,3,5,4,5
206,206,33.53196240847006,4.283653630658246,37.19147762787962,22.756802879280436,97.8771682870634,120.80183013055488,16.40842554391665,13.799212573583901,86.70616333771345,12.055904578668986,39.077410653193525,10.488724091547146,3,2,1,2,2,3,5,4,5
207,207,33.58301091916273,4.406179657971299,36.874070205891954,22.902173822353237,98.49592874999536,120.9373902373619,16.966622075470127,13.930648769079397,86.85665204291655,11.714750244624355,39.08264414786349,10.476971700568928,3,2,1,2,2,3,5,4,5
208,208,33.834367530839856,4.178083613450712,36.781670047375904,23.791391115515083,99.1314028442948,120.61285151938726,17.504391399548552,13.529244087331705,86.7068904689853,12.408141193948325,37.86373565540762,10.49393370379605,3,2,1,2,2,3,5,4,5
209,209,33.7306036378809,3.8429286196672376,36.412582316390406,23.28543113672278,99.55268434532498,120.51806529109281,16.368294271181895,13.66691070713847,86.73204127730966,12.54711013390812,37.89874844215362,10.406649419700129,3,2,1,2,2,3,5,4,5
210,210,33.49354447078827,3.9942367819491227,34.44627584840444,24.837231335504192,99.6924110665289,119.11107003925952,14.818983833876302,14.275423460037985,86.58969401101514,13.328948688707868,37.86256871702139,10.363144127370715,3,2,1,2,2,3,5,4,5
211,211,33.16175351474956,4.028037710129268,34.2264790787436,24.610852682177864,100.35129992790596,119.9403326575543,13.876577276040337,13.086262381701516,86.55816864077009,13.420217271136039,38.59099672225585,10.17062201129418,3,2,1,2,2,3,5,4,5
212,212,33.12199584291536,4.420731877912448,29.91904243416189,26.78766994205597,100.52436045441299,118.40051889906192,13.349087237030602,12.003289921085127,86.80802750526583,14.155290670712304,39.37133599639215,9.833349587790428,3,2,1,2,2,3,5,4,5
213,213,33.02602225313636,4.96898358513711,26.83118047900143,28.980403510824555,100.82284592771322,118.77341810361419,13.830732012843015,7.274199455658362,86.93250042346602,14.32390279223415,39.87732089840368,9.696068621263281,3,2,1,2,2,3,5,4,5
214,214,33.07268130702565,5.05138166908987,25.92930908795442,29.20898623314578,101.0757907496282,120.63398959163577,12.79609535681658,4.570910333263356,87.58805011830786,13.796205745366706,40.46548206535097,9.56673207370144,3,2,1,2,2,3,5,4,5
215,215,32.05671782175507,4.172017416943844,28.52780346909855,27.89615120092888,100.50762710926504,120.46210551526585,12.77626705148171,6.558616619439164,87.62609537689859,13.924683335107773,40.549845307340405,9.48223322976107,3,2,1,2,2,3,5,4,5
216,216,31.11361153880665,3.839562913027995,32.195427551704896,25.924009278880654,99.52519964337097,119.38681872072678,12.002617543794855,12.587930197429756,86.42239612462467,14.151407256454377,40.48217788547878,9.463481757316776,3,2,1,2,2,3,5,4,5
217,217,29.316487341319984,1.96716978030812,37.231478716271916,22.59233723885843,98.67055874382574,122.63382746849749,13.832500423100953,13.839911795378669,85.97880665966323,14.287617162202253,39.82952651023655,9.631279796431965,3,2,1,2,2,3,5,4,5
218,218,29.184455527294524,1.8913674847581399,37.02421420958909,23.01738029942643,97.8676561148423,122.3030798183868,16.44423439336697,14.344520140672927,86.20296028947539,14.500723372378701,38.860729090049475,9.87390876914818,3,2,1,2,2,3,5,4,5
219,219,29.174136159539298,1.1427048190777558,38.0899766076063,22.403958611926676,97.28446303749352,121.31416642662383,19.076922424870787,16.5876164631826,86.65300255046775,14.02823376063023,37.35784341718434,10.377352627859873,3,2,2,2,2,3,5,5,6
220,220,28.15751341406828,0.6289771493652698,37.916762856870754,22.406027060938115,95.97169971376091,118.93016438724263,20.82855780607474,14.923427481324495,84.44976677525949,12.991952361077693,35.87673347312527,10.969283407041916,3,2,1,2,2,3,5,4,5
221,221,28.351129242200372,0.5965350265161691,36.624442100190265,22.585165470549743,95.85815917590867,117.67527485614306,20.55097409218024,15.955269409689521,81.3411588762253,12.409424795038063,35.68697330994492,10.909515659121526,3,2,2,2,2,3,5,5,6
222,222,28.2312321859659,0.40519762828472183,36.39243788758959,22.097774758039694,95.02895168530989,117.60458530473653,21.827204596266938,16.126184848242303,78.63136112632371,12.518338566202885,35.32550503268649,11.004871250048282,3,2,2,2,2,3,5,5,6
223,223,29.17987553462472,2.2663970801200146,36.24024906209796,22.45955032539852,94.1617726572892,117.62226662535765,23.328687766350498,17.78930812472018,73.77786698836009,12.178579498264696,35.46006607537268,11.055562629684134,3,2,2,2,2,3,5,5,6
224,224,27.38098568968378,8.894933375833244,34.17336875634123,25.249049227964036,89.34778918708501,117.95122586736954,22.58271079207779,14.405070395502861,69.32766306131684,10.754845780222013,35.49463663654842,11.286095645146322,3,2,1,2,2,3,5,4,5
225,225,27.519227408532018,13.110616913888727,32.925394624378995,25.173764350869117,85.65260876104861,119.42482510294458,23.531391534476228,16.783995357935453,66.39869520242392,10.340884159582117,35.96072052149515,11.356363174578583,3,2,2,2,2,3,5,5,6
226,226,27.429220559315414,13.418149897943623,33.69240855088405,24.038176492702995,83.92298057224454,118.17280415274313,23.6965039815764,19.422784244203484,62.46927922169756,9.203488985098573,35.73071869924732,11.572497409961153,3,2,2,2,2,3,5,5,6
227,227,28.258349669659484,13.993462780267413,40.10626645074284,21.577660070937934,82.76608476862292,118.90988276933254,23.02935891180323,24.921511111214954,58.59760254511089,13.612126811111125,36.124608969478075,12.15988052370164,3,2,2,2,2,2,4,5,5
228,228,29.94665405158959,11.23040257548535,35.80119749027758,6.740690389105596,84.93605638606405,108.88785955255328,23.695002218459337,31.980910675096425,61.08935821956531,16.519380968900407,37.331800535439356,12.485682778254072,2,2,2,2,2,3,5,3,4
229,229,28.655215977094404,19.165648277003847,36.56486716711487,11.624745504666961,81.26285687758723,112.47605283171677,31.002973153685218,22.735790779813527,64.89716557715174,18.7980245565237,38.04546272490083,12.016243758118371,2,2,2,2,2,3,5,3,4
230,230,30.567517652677502,19.91941532733056,34.98716709460044,15.235386260051222,82.53307891598747,113.41709561574405,33.081477451172304,24.522424238583284,66.3922525463261,18.884101093270687,38.39309664125966,11.995106905014277,2,2,2,2,2,3,5,3,4
231,231,32.196743784643566,22.188167704177268,36.79022063170763,18.455961719574763,86.46729888846026,114.4948102823757,34.45083068175319,25.847987181408143,68.23989918604616,20.07162843446264,39.74740127876616,11.818425569688296,3,1,2,2,2,3,5,4,5
232,232,29.183171747221348,30.109645473002157,35.49644235955471,29.753577771061227,95.79634484506165,114.61968204283859,29.51066474449277,27.18837461372317,64.50039543474723,20.132531591670244,39.547001036660134,12.074305774371775,3,2,2,2,2,3,5,5,6
233,233,30.861712515657906,23.209729485983186,34.097144910342756,32.341249081172776,88.22392139391393,114.18511897828326,29.057618805268874,25.37442969630925,62.43738574724193,20.335975226269596,39.83650686871671,12.249414886931191,3,2,2,2,2,3,5,5,6
234,234,32.645833329800894,16.741846683341684,32.721901485428575,26.998705127385563,93.99381907323263,110.5768791806028,15.172619814412002,19.483610449452726,59.4293455505136,22.15134742220758,40.09796560632863,12.337438614934458,3,2,2,2,2,2,4,5,5
235,235,31.955655435074288,13.788680582084641,27.703198790983162,11.847638302570568,93.20671358103488,105.53675157993604,35.35326201007675,16.230712241590055,55.031670287480054,22.388434133479365,39.886958036116425,12.913176791265363,2,2,2,2,2,2,4,3,4
236,236,29.706425760602492,9.725110972926409,24.614050835491383,2.9964146760238934,94.57102237862541,108.60599445345515,48.12394581406302,12.080782145813288,47.37329187796476,20.811883979905133,39.53274603643926,13.549290378005292,2,2,1,2,2,2,4,2,4
237,237,26.024141977765655,16.562385390768494,24.722480646290965,9.05549668836366,101.87616283796305,113.08328761171408,30.88392706760888,13.436162775288437,39.90886815694137,19.286414294520256,38.89734669044748,14.150526755539117,2,2,2,2,2,2,4,3,4
238,238,25.691856843278927,19.236823366555882,24.506482573862577,11.971123070932897,104.90265042491114,113.24546429951215,27.730155764124277,14.956408418425696,36.10780818146341,16.205903164313952,38.71581200083391,14.67179527245817,2,2,2,2,2,2,4,3,4
239,239,26.00003177765599,18.477371707308585,23.011209057621542,13.190311875001633,102.00776580197318,111.78164047251882,30.975847715947083,12.173648492975275,35.41002449250402,15.294577633210736,38.04012280833301,15.44016139177871,2,2,2,2,2,2,4,3,4
240,240,26.345424904695644,24.103041825217836,23.656512432171663,16.214994107103028,107.83886937316413,113.00292481039149,20.59128490870711,13.245393473975724,35.07802000983537,13.65229788343649,37.98076493030899,16.135844040255474,3,2,2,2,2,2,4,5,5
241,241,25.051728264745233,20.031876127109832,22.9785430993962,18.55906800097466,100.56931206667277,111.4490816775097,26.691580412448474,10.333612566533077,32.432399100039675,12.502576293039567,37.306031248096815,16.75962708980561,3,2,2,2,2,2,4,5,5
242,242,26.159086706787292,18.05985936507312,22.91793545227277,21.673346428780363,98.54908963176071,111.91536512612078,26.43220366487259,7.472869145885625,29.664377373446598,12.798021322083372,35.822232472449116,17.69657170110222,3,2,1,2,2,1,3,4,3
243,243,27.89983346799836,16.838599048765012,24.191575031153256,22.385016017653324,97.45080994390949,113.35850819663946,26.51492943683553,5.9051603422696815,29.544826762500293,12.74728148854527,34.68036532543542,18.269611631391278,3,2,1,2,2,1,3,4,3
244,244,27.62067231566422,17.596675515215846,23.989733364852466,28.146517917497818,94.94804162309231,124.36854186105661,32.853487958876826,5.076360173702938,29.549840543232847,13.379907672396087,33.235449510435956,18.301577280642213,3,2,1,2,2,1,3,4,3
245,245,22.083510975919673,18.56572725833448,15.85839395595165,34.533973855872276,91.39302806894003,126.78364228713266,30.905141400129395,7.770990462935458,28.91248632417893,14.07670769154825,34.928248735803066,17.358305516668626,2,2,1,2,2,1,3,2,3
246,246,17.94083227698602,20.042974868660504,7.8284132496117715,35.77069026305944,89.35592960709356,127.23216629548835,28.229419771781977,8.894828224445035,29.40308552419208,12.902697916728556,36.44669859809903,16.74539481023147,2,2,1,2,2,1,3,2,3
247,247,16.689213237281454,16.16432765162233,8.733201984182365,36.861281535908816,85.14278468891166,126.68700778111668,41.87366012659476,8.937971515779594,29.658111542562153,12.276154491602938,37.481282457676016,16.686946866258612,2,2,1,2,2,1,3,2,3
248,248,17.69008964958009,23.7349148345636,7.841115453764147,40.0963246922505,90.83329219020673,131.1433739440317,30.912837237454653,9.42961620803871,28.56377008389964,12.111139776866565,38.58866403991992,16.289667325415806,2,2,1,2,2,1,3,2,3
249,249,16.379227493620963,22.92334275451645,7.8152209397183094,41.860716216555396,89.04808316911726,128.14111419014256,29.20397749242511,4.1671866942229485,28.708000996477693,9.437517976676872,39.42435726255138,16.610080406011534,2,2,1,2,2,1,3,2,3
250,250,19.063090617924264,13.127272921573557,15.492375637775911,37.386620138726194,91.84210117771396,129.45767681433034,40.76031851955844,9.145022188967886,27.904896618872044,11.101491534047568,41.81694845853056,16.44930375989323,2,2,1,2,2,1,3,2,3
251,251,7.471793981249646,22.543539671407977,11.656826591970054,23.652079116496644,82.57621623261704,118.23318373147367,3.93878195106862,-4.0247370343566615,27.741193646256477,15.25404856469197,43.17968577619365,15.786888578335374,2,2,1,2,2,1,3,2,3
252,252,3.739990046760525,29.396168926622988,11.306856215521963,21.24880320927014,86.80876478352155,115.16365748535345,-3.6924364143005732,-6.796775463881033,29.679431056068893,13.569113689502728,43.219200439818124,14.907555010154802,2,2,1,2,2,1,3,2,3
253,253,7.7072178011392145,37.15442327705859,11.178910817566466,19.889133440453364,85.50339312166687,115.31492502914354,1.7189871644379195,-2.27882279381123,30.854745461250957,11.395379816186505,43.0259598051709,13.663464920184396,1,2,1,2,2,2,4,1,3
254,254,19.853673784120343,33.71163845772309,14.188806365851725,21.323954603184816,85.78453281831966,124.75910573542386,6.47607125579367,4.785814701321215,30.822296010713757,11.90412804129457,46.69692593774421,10.12634410385999,2,2,1,2,2,2,4,2,4
255,255,23.308220252815172,34.43918051339648,19.81979392330595,23.361170196781345,95.95742526823292,131.58812161936223,7.846572849144991,3.990256174818626,31.89778734898539,8.78773604906425,49.82328573564047,8.860000330396725,3,1,1,2,2,2,4,3,4
256,256,34.681503789327415,42.08315276458524,23.024931014209244,18.450292189666307,104.95246231693945,132.72593993097624,2.338236352053684,-4.272663847605912,30.184483079648686,11.694389196084074,50.25356074260186,9.44763440542478,3,2,1,2,2,2,4,4,4
257,257,41.37154238472175,48.52049315077093,22.5094559481591,28.176899719292404,95.21796500241696,135.05585761612113,-2.1999375053827634,-4.330061782141826,29.40504881145344,11.527360721970666,51.741108259462735,9.893807010242915,3,2,1,2,2,1,3,4,3
258,258,15.751456447288609,54.906675241369605,21.728097930999986,27.312313696693085,96.16003174424736,138.8490203173354,-7.650703219641599,-8.98286629806222,24.704869853437174,13.056597416747053,52.73466768185885,9.897470516727825,3,2,1,2,2,1,3,4,3
259,259,1.931293406259117,53.137710166928535,28.97712599138445,26.84071249359703,115.27873817312968,140.3594186821689,2.42943602859296,-2.1960462250472688,24.56896362141626,13.593150597498237,54.53956875849967,10.376351034363394,3,2,1,2,2,1,3,4,3
260,260,11.718514824918477,50.1997094287021,32.24226290406941,26.428857839998017,115.22900226098085,143.50882454239377,-0.7295189668835746,2.8390951282174797,25.658160974848556,14.350541714125654,54.78304989346064,11.238770994536749,3,2,1,2,2,1,3,4,3
261,261,5.825811936709851,53.011990186357316,28.487936400879878,18.058604316964246,87.86383698177818,132.3635560185325,-7.460040997161116,1.1377734549579088,21.828139960147837,13.457535661789706,51.36445815068325,12.91707184415803,2,2,1,2,2,1,3,2,3
262,262,19.373381225395523,57.94469594620073,29.8983113889086,10.615466995673398,87.26086298174239,130.49077500519283,-1.4043615392316724,6.418035430502783,19.41384049008539,11.261549345934924,49.437581608983876,14.447700041616352,2,2,1,2,2,1,3,2,3
263,263,19.40298307622574,55.271275657246335,23.777552827886076,12.702788464790531,93.0970168944151,129.1391582058386,-2.6718785374158927,13.393752282578504,22.340870452509364,10.352659236728158,49.96781508219067,14.004806458648007,2,2,1,2,2,1,3,2,3
264,264,14.784543857055578,52.58707965294098,22.435487205621868,11.910339688488747,95.90997616928098,126.75990089685894,-3.0534197190370094,14.885734345701593,22.478913858352342,14.092003851866366,50.58531203477105,14.495750633606841,2,2,1,2,2,1,3,2,3
265,265,11.664288180065528,49.32897275646163,22.662477612209567,9.992467255903769,100.71583886580493,124.57215574619043,-3.646616665086839,11.7881054587846,24.40444317236114,16.857268120025253,48.38415056495987,15.589212909588301,2,2,1,2,2,1,3,2,3
266,266,5.208620914320005,46.24578108631039,18.48688565412382,11.417587396730045,100.31697515583713,125.70664368958825,-3.7232033118870618,18.29691550752065,25.427974465763498,15.533173445942566,50.75083229344264,15.40309598159918,1,2,2,2,2,1,3,2,3
267,267,12.281531258534837,44.078422189534585,20.897140705518737,9.783666178997127,101.00334583753971,118.03127375944365,-2.0093763436208576,13.538182129973961,26.687165377538577,14.770720937385107,48.083012668883896,16.454727128339393,2,2,1,2,2,1,3,2,3
268,268,7.372389282602238,40.77120124353984,21.652159823392537,13.441554252925325,107.53435276401092,122.40708046034857,-2.1734905014126014,10.912316046775686,25.366662620189175,13.641957000844172,47.8363367207827,17.27138817469883,2,2,1,2,2,1,3,2,3
269,269,6.256150941872353,41.330048518321526,21.79752735533706,14.967178822308348,108.15187841547977,127.1466077733016,-0.5359363455633854,6.65312813015629,23.395127559223994,11.34979802724527,47.1846870011079,18.128528293157952,2,2,1,2,2,1,3,2,3
270,270,2.7812466069834096,39.77668688210354,20.24609635467081,15.088192908446565,113.05846285506733,124.07211476208269,-1.9432365610321085,11.371842323408117,22.07579066243244,10.536976610114351,46.70901823456653,18.19065523919795,2,2,1,2,2,1,3,2,3
271,271,1.9872395607426823,40.007227028275004,19.5782336975614,15.641437165284358,111.66026516388122,126.14246010870772,0.285517551693971,11.159363978685889,23.592672524606172,10.312415537186126,46.567824596521376,18.31068838512382,2,2,1,2,2,1,3,2,3
272,272,0.38824545854032944,41.82295304795514,17.510627200663095,16.869622963303435,115.72273083803462,124.2519150033193,1.0822529683339042,12.487285235159106,24.681192953095973,10.065296281474076,42.60895327958346,18.005236160682696,2,2,1,2,2,1,3,2,3
273,273,2.2257276605211285,43.440617675462086,17.23180710123213,17.409827200860157,112.79160885523413,124.98652798305255,4.854300318599741,12.655204687328506,24.104170512453464,9.955824570216919,39.255689847622946,18.046578151822906,2,2,1,2,2,1,3,2,3
274,274,2.817564387485348,42.87110256961205,16.24251320565006,18.157033031865804,115.58852527428496,125.61927049726198,4.073544419203216,12.070509526385791,24.007055841039204,10.01392408748913,37.6231528591362,17.70288306940656,2,2,1,2,2,1,3,2,3
275,275,2.245394350562663,43.0299685777659,16.11736110125705,19.709637685583036,118.76264237867221,126.34115590403414,4.206960959163041,10.5865331637047,24.485464055368737,10.396709205111392,36.46427253298171,17.174788339675093,2,2,1,2,2,1,3,2,3
276,276,5.610982495727668,42.36407776537613,17.70612142353683,22.079171226984744,123.01536588295649,123.6914178454128,3.9186027286731644,8.63489712779662,24.288427201313226,10.129115988379908,36.85250264607927,16.351990591935994,2,2,1,2,2,1,3,2,3
277,277,6.09877348495711,42.79423140933253,16.399028614987785,23.724137570716636,127.28218924515812,122.96015785688486,5.9686138449562804,7.837389517514879,29.110755829562834,9.819899118920972,34.83509948034228,16.14883142329741,2,2,1,2,2,1,3,2,3
278,278,10.513678696151688,42.90584367532869,14.767747037062945,24.022406681026073,126.0373979079749,123.53621117487238,5.660173740734393,9.455773315625521,35.05894249456108,11.91622486301955,34.663814550794626,16.141745199384992,2,2,1,2,2,2,4,2,4
279,279,10.37484739426487,41.706147881822524,15.631824885182002,23.090661734619594,129.47159822581116,123.09529473715675,4.836522730438247,9.620142812586266,33.343630711808686,11.987744399785612,32.74202976127222,15.782707627843385,2,2,1,2,2,2,4,2,4
280,280,11.085986345550024,41.65512390806911,16.946631804504147,23.822433908740923,130.90274166186163,121.8041575111544,5.46520134436102,9.776163155187248,32.09616290927494,11.18008847287922,33.30865091683003,15.556171706301786,2,2,1,2,2,2,4,2,4
281,281,11.754727411828615,38.753883289647185,18.667875392238116,24.424641178267077,131.49762836990195,118.85300167710118,6.2143768347509365,9.585477291489468,31.0898189651667,10.716095610767269,33.78457214286195,14.873839606981411,2,2,1,2,2,2,4,2,4
282,282,11.091041194353155,36.1429144975468,18.917555975484845,25.36116716827435,134.1404288890901,118.48786930893698,5.373973350346404,9.63792812871958,33.16527270137968,8.341372792171342,32.438188982486764,14.73802040688797,2,2,1,2,2,2,4,2,4
283,283,8.966709091339235,35.34832086811662,19.4096675103247,26.630581207161875,135.70220897099438,118.7587423141947,3.276463121551359,9.069254943757954,32.864759101420134,7.916324267497174,32.343303780050235,14.621148686128308,2,2,1,2,2,2,4,2,4
284,284,6.5383003842583465,34.31742775565273,20.5340127286714,26.91341203080217,135.09000905924444,117.89341869611965,3.280513403048758,7.659259332215726,33.16900866229531,7.945481828851655,31.308224206901684,14.525239037890483,3,2,1,2,2,2,4,4,4
285,285,6.836006969037045,32.98804222008264,21.075453080738818,27.344422674066838,138.25426262335841,117.00060262617569,4.501625250048676,7.215261602859897,33.74353002008306,8.391947306142129,30.082117173683855,13.627005348290716,3,2,1,2,2,2,4,4,4
286,286,7.389420441913011,30.408260201574333,22.65024091442459,28.092793183100984,139.11411442822958,115.80302636524686,4.545074772054392,9.693048106565612,33.284974482242404,8.644904818161422,30.41777560539188,13.296426409795494,3,2,1,2,2,2,4,4,4
287,287,7.28284613898557,30.288842512125264,23.190031189893492,26.956321033467777,139.85068568563804,117.78532863648067,4.3808990367121226,9.470111097403219,33.73182630718446,8.663199716169515,30.642375135552214,12.498141379758552,3,2,1,2,2,2,4,4,4
288,288,7.382399306532028,29.625092834636686,23.213085382113025,27.085055050240808,139.9042558431849,118.93542430870617,4.21763188472994,8.383171744144278,33.68844891425786,8.395267093075574,29.669332026956255,12.391522576248565,3,2,1,2,2,2,4,4,4
289,289,8.30981893131789,29.232648419739476,23.502469291302667,26.556904839264853,140.12233947658513,118.45064262592845,5.9356114457111175,8.760967134072132,35.41032373962156,9.226167148957444,27.952585573802452,12.295698443933233,3,2,1,2,2,2,4,4,4
290,290,9.763482658367773,29.74173453491917,22.963958860063357,26.309671458245255,141.49241078645036,120.15431076192024,5.38775694784033,9.359214191632134,35.659154039004704,9.82060055706151,27.527653517410073,11.440314593763278,3,2,1,2,2,2,4,4,4
291,291,9.268900724500265,30.21197186688124,21.720617906140543,24.68606430312414,141.4731878675034,121.74371435269661,4.3034715379898785,9.801155348068136,34.439328016762545,9.785335217328083,28.425057004484557,10.924691645699214,3,2,1,2,2,2,4,4,4
292,292,12.124670547243317,31.060063190443024,17.422305573304833,22.8812788383782,142.0050283596548,121.90947167446315,4.123081466919189,10.233180694003437,38.40239817447505,13.243172094645246,28.631665636412777,11.352729019179147,2,2,1,2,2,2,4,2,4
293,293,12.944854476943032,32.091687723159396,16.948382076260632,19.747212924454008,140.1596752935569,124.24905617930239,3.7810917030880944,10.236191365806661,43.2686813733539,19.186597257595764,29.91761736125531,11.068294293146835,2,2,1,2,2,2,4,2,4
294,294,12.437302285720222,33.2729043628401,16.448490073015776,18.576079118373023,139.4074966848575,125.65956865919203,3.2160744969954465,11.244231111776998,42.605401341961084,21.107763115860536,30.67004321968315,10.782523717355707,2,2,1,2,2,2,4,2,4
295,295,11.18232810353506,34.09848204429848,15.976046815682126,19.16132644799218,140.3977095133913,126.63465955473974,3.2551508849975335,10.551266825525033,40.07424103607613,20.322094929385628,31.99359719521587,10.396880001345641,2,2,1,2,2,2,4,2,4
296,296,8.306253532842574,36.63909826225207,12.34046310751423,19.09457058743306,139.29752259027703,128.64232227779394,4.223111786727884,10.54324178388751,37.46086059093548,18.881519740620007,33.54894121444232,9.665500594304332,2,2,1,2,2,2,4,2,4
297,297,6.39364881208293,38.27463469032448,12.20450627112642,18.025481993161073,139.14095942567303,129.32404307181784,4.765835170522223,8.7924951862542,35.20284307854047,18.796079773264438,34.57182489260251,8.585959228573603,2,2,1,2,2,2,4,2,4
298,298,4.316808193676832,38.25269886508105,10.37029496881893,16.892547029795384,140.08604744163227,133.0172396848741,4.52044132463115,11.194661564623289,31.097574046481782,17.91220533364273,36.946332121450496,7.371094333179983,2,2,1,2,2,2,4,2,4
299,299,3.347870143493381,37.532558644006976,9.554408779432988,15.87646580177752,140.99280499449088,136.5701683937687,3.8899153710984535,6.809644427720741,30.094001842769842,16.829903779628125,37.056692482814015,7.614931355225379,2,2,1,2,2,2,4,2,4
300,300,2.8588314989812726,37.642715336038165,9.781435228641827,16.032657778959315,141.0483623209582,137.29384561326702,3.2903476921918866,4.9932232984219524,28.478604103095165,14.848754162488547,36.50072358973624,7.916019519685101,2,2,1,2,2,1,3,2,3
301,301,3.141424346003005,37.37453160897188,10.53223800119455,15.545142433553423,141.1729052670533,136.3032381071572,3.175380694765579,5.240583904711372,27.775450488104326,13.562161157724717,36.16142872417616,8.078708984783821,2,2,1,2,2,1,3,2,3
302,302,2.8887943613774514,37.16897088368955,11.281482872670706,15.336907486268933,140.6929035177308,137.69498553811064,3.269470091239583,4.227685517971736,27.508069902816857,13.08508836411275,36.242285101186496,8.265537013753388,2,2,1,2,2,1,3,2,3
303,303,4.172823072229865,37.88430055300008,12.202052901326761,15.227558067384022,140.54257654302583,140.54159449118117,4.17349255459186,3.705377802156306,27.50770771354678,12.05336650011742,35.46422419857427,9.836095356037436,2,2,1,2,2,1,3,2,3
304,304,3.947813857507343,37.462130560120364,14.706093835148163,14.068677652062998,140.37391411746592,142.9495907316423,2.0497817258477937,4.866274269680758,29.98081599615611,12.242579720663628,35.97242591067935,10.192501704368022,2,2,1,2,2,1,3,2,3
305,305,5.33130464345148,38.20953030772425,16.19442309409008,15.156689733726799,139.99732764908742,141.35348874377124,0.5862040365019823,5.671809337059102,29.04540875717271,11.533877454326557,36.03701659033058,10.424668108670879,2,2,1,2,2,1,3,2,3
306,306,4.6382849162993285,38.24229967597611,17.305364409234194,14.222950414855251,139.1414650171568,141.19944933429923,0.9702648984525979,5.743529261284493,28.356111600980398,10.427653380244351,35.12774779523011,11.167047253712427,2,2,1,2,2,1,3,2,3
307,307,5.562299135323226,37.29344891341052,18.953797818752733,14.445900628892131,139.25489863217078,141.11346782730973,1.640551933752647,6.315984760286597,27.372590743417845,11.741543546328188,34.21117978314993,12.631516363058102,2,2,1,2,2,1,3,2,3
308,308,2.2516104095452127,35.49484602365233,16.045804590015944,14.03190409488594,139.71937622983708,141.93619372740366,4.2691290819863354,4.680876355250746,24.195588188214003,9.626892857220668,34.061341249261034,13.708188924910157,2,2,1,2,2,1,3,2,3
309,309,3.621309337396061,34.98767660412794,16.592737596323428,12.656722016221012,138.9618774443652,138.41768788150222,7.404530897859729,5.471335804125516,23.574167995613607,10.022609422260274,32.3112506276519,14.620252887230945,2,2,1,2,2,1,3,2,3
310,310,4.334379778487248,34.00400830996783,17.275892632681725,11.117684541415061,140.3004535167647,126.97919304096035,9.56855615831546,9.303511829092088,23.433312746560972,10.120414001327163,31.704116290226807,15.155105406091053,2,2,1,2,2,1,3,2,3
311,311,6.158916341020677,33.03638007796553,12.101274755849401,7.878801228520739,140.88885862504068,128.90025095354065,12.692317625097417,6.8744674217191175,23.828297262084874,9.999895344956798,31.13178857269085,16.329124359745066,2,2,1,2,2,1,3,2,3
312,312,9.523887258145589,33.24707621718685,7.190352933695596,8.303690066606958,139.66027719570198,118.18146962970762,14.241416203154586,14.521382747063655,24.762034042841947,11.366531791093905,30.88951565155554,15.855172325555015,2,2,1,2,2,1,3,2,3
313,313,15.12458971174636,32.085419863890486,11.232767360314785,11.378721740543298,138.93868413483688,126.87546220820539,19.322593018211165,17.12944835357456,25.28748709398971,11.428601659585013,30.289523234992572,15.816797497432976,2,2,2,2,2,1,3,3,3
314,314,15.451650512211337,29.42175893668012,13.431203983949292,14.39854285508597,143.19039712262625,128.07098791682716,19.686953464750587,16.142368963799896,25.868917818849553,5.139709125478561,31.093339558774204,15.137210730114566,2,2,2,2,2,1,3,3,3
315,315,17.41805825013428,28.18668727668234,9.929553249244332,13.825983789527701,145.9876506095237,126.40681391931722,14.100261013831073,5.424200741403382,26.457212814916943,5.451644438768028,31.836892269909214,15.375953813184912,2,2,1,2,2,1,3,2,3
316,316,22.26143536289831,24.699943023517047,13.987111878905722,10.900270711889714,146.72975592607415,133.4077229368083,13.54656073935297,-0.609045152052289,26.915362705336804,9.198996944991364,31.539900582777534,16.3883090047441,3,2,1,2,2,1,3,4,3
317,317,23.388065046918424,19.78674310440702,20.187614662267244,8.10013660809959,148.36090460620505,135.94646282282037,16.666366202753835,-2.1812638810124554,28.948336792891325,11.392750826590941,34.6554073764799,16.632616657233733,2,2,2,2,2,1,3,3,3
318,318,26.31540352165312,16.568662886339705,25.189681587798216,8.441366787195472,147.98055763881652,134.84981749876596,18.120722633486366,-3.502841085667626,29.858904159044755,15.112791079571622,40.428989339083884,14.71534187982272,2,2,2,2,2,1,3,3,3
319,319,24.034072823905877,15.046392911140329,20.695490209435174,9.986420180204165,150.54236197129492,137.33025624389268,17.367233871482284,-0.5578858892804703,32.65563178593405,12.736090633470582,42.501988593445404,12.8781909104367,2,2,2,2,2,2,4,3,4
320,320,24.90933107182253,15.81307255159175,21.850791096819247,10.194770186307606,145.83167531201767,137.35079830704456,17.30188690102591,-0.8303050379285537,31.316188923972703,10.921943364410026,33.114792353534256,13.417981926865199,2,2,2,2,2,2,4,3,4
321,321,24.03888510252571,13.109014264681923,20.762430511755213,10.423881904543121,148.4057733605617,140.3081870597306,16.295436565737646,0.5060326310096173,31.325652812461556,10.010120636104546,32.524232905495126,12.052992310595387,2,2,2,2,2,2,4,3,4
322,322,21.574645464086363,12.108225826119336,22.36580055009147,12.473207066312598,155.25957012750237,137.52991442955928,13.748686573900557,0.7292582403061374,28.905149449243225,11.890207095472704,35.61674640385611,11.522587831591755,2,2,1,2,2,1,3,2,3
323,323,19.017499279268577,10.875386567154854,17.671515689131436,15.048673770095997,162.6715302315205,138.77801562064204,15.44444373796864,2.3932378418195412,34.86637941181755,11.029310002154489,40.758836769696,10.771109558356976,1,2,2,2,2,2,4,2,4
324,324,16.04843618168557,13.38058504653256,16.939227379293488,11.249685220592363,165.83302986131667,141.06818984419678,10.09718258630565,2.0790114480477655,32.9244178031004,10.929050251639495,37.68946042685306,10.865658957648163,1,2,1,2,2,2,4,1,3
325,325,15.684431063309209,15.22950395807588,2.1223034974354342,10.381011635784766,168.56713323795495,152.11668896629513,4.239865889356736,1.6038045169140105,28.501137169342456,11.168263443017707,34.08413916571462,11.525499238982794,1,2,1,2,2,1,3,1,2
326,326,18.191171782681522,15.344877785146904,9.34568586125333,10.444453335424644,173.64475431647315,156.0517900825283,6.307687661870943,-0.11321847198504997,26.227891171487897,7.420219989308947,33.08746475333879,14.255735424437768,1,2,1,2,2,1,3,1,2
327,327,24.27792992932381,15.064399458412367,11.135437769606094,14.16841549769973,169.47261418976984,146.28086768566504,7.605404899354426,3.9186361067976065,26.816297205024483,2.2176662551689503,27.244565240905388,13.64184085703827,2,2,1,2,2,1,3,2,3
328,328,17.495741906492654,18.09867063697186,10.532763471706968,5.975171625968331,168.47154338621698,121.20884397473124,44.92139428505544,6.830916872753079,32.75172963453548,15.011172216354424,25.20192601329586,10.64644794105236,1,2,2,2,2,2,4,2,4
329,329,5.134981169358848,23.49177412001839,8.595924393578732,3.1772233653132935,153.3167805672765,146.2773789007123,16.334831799519236,14.717004167334522,36.847464990594375,6.911622010835373,17.339544413821415,9.521231300828433,2,2,2,1,2,2,3,3,3
330,330,11.164593347785281,23.512189144628444,15.529809049875896,3.136240005323317,169.9431479964978,146.02565523958384,89.04246910915792,13.092321789973226,30.817059164323865,14.45677473969252,23.276098062799946,4.491222889498744,2,2,2,2,1,2,2,3,2
331,331,25.012980710349975,44.78944963664826,30.702904345246047,46.19987078126879,40.24810321797662,26.36029777792344,59.86225938760889,25.25024818520285,38.009692393542764,9.698462248801377,29.754598879459337,3.5729636523514943,3,2,2,2,1,2,2,5,4
332,332,12.490078227542867,58.4900412431322,145.69150819773898,156.0331470442449,88.34503394820803,124.5692102545169,7.984887279648831,18.688845412767364,39.22125352038958,7.819414057843659,36.154723230148065,7.200334310395018,5,2,2,2,2,2,4,8,8
333,333,11.927172313985343,32.105131632459226,15.22516435936401,12.589079851930615,72.07106134108827,56.982320241602366,21.885768592911404,33.16530656281995,27.640070023677367,11.95930508658094,37.53093464491066,14.958337433142479,1,2,2,2,2,1,3,2,3
334,334,18.370676917601806,25.688961248003267,168.13868397926754,166.06367545907665,94.16021827137232,156.70716629852853,6.08635218185313,10.237034859952928,24.722674316501184,10.698973285770734,25.918234452537007,15.697288618866743,5,2,1,2,2,1,3,7,6
335,335,99.10560114674506,87.49408558349639,22.066851971724954,20.096247107619117,49.46152066162146,164.23513724650383,43.31114042612364,8.507017439986043,26.48688790706015,4.3415821253413185,25.320299180667035,12.38837030867316,5,2,2,2,2,1,3,8,7
336,336,56.77677843941993,66.06554094347855,18.514789105946424,17.417260894101602,109.07393991039908,163.40173293829997,41.164629930681684,21.485845240675275,21.236472448743655,22.672419805549936,29.457459676772828,13.420721214989658,4,2,2,2,2,1,3,6,5
337,337,38.8730557872454,85.02091366685278,28.835089480472924,22.022364971140057,98.18944756751686,153.93844964357305,55.46293392034315,20.10180564363705,44.00772577497159,8.09755855880664,19.500465781312727,26.697900781082446,3,2,2,1,3,2,4,5,5
338,338,121.40440363039849,135.96100705081162,158.60696724524092,128.20147475181554,120.81940443224416,137.245546291043,66.60326766839908,52.08795518601727,94.25274135458952,3.082601970426481,-2.3343048540022266,27.914923408051898,5,2,2,2,3,3,6,8,9
339,339,30.9040777064393,9.595960581519742,20.19570508744656,21.22186788787414,161.0874611156348,132.9721772275629,63.02375078541077,47.40828677564048,24.63753072167171,89.29031812704022,19.664282633087566,18.175719331642377,3,2,2,1,2,3,4,5,5
340,340,90.80797967399566,91.08319555175815,69.6044717357492,74.71347770912796,147.37343967400477,166.73229777037517,66.11697633774757,26.511380416900664,63.627532220687016,36.37866821668152,17.934860044418883,170.07589612365152,5,2,2,1,4,3,6,8,9
341,341,135.4274377352722,125.01267378827808,61.2731782510532,79.16800820957036,163.6205861793019,160.1192290759346,22.26169596461412,10.141342197826333,65.07730451534573,25.522584031689064,14.127486308638879,163.06446771563603,5,2,2,1,4,3,6,8,9
342,342,143.77387873334865,137.81889651484184,32.128731007496974,71.78713660183533,159.62117564143182,157.57726074211098,11.698535817900364,14.597855319772435,52.75457185506781,28.090478029598245,15.341890557418338,164.02758176295845,5,2,1,1,4,2,5,7,8
343,343,150.4806294844567,151.23824852616943,18.251140155158392,57.435109785883,162.05291340154932,169.42519083744642,32.30623929852072,34.0314576111397,68.71330877733736,13.809760889959648,8.796523407024921,163.91118169777664,5,2,2,1,4,3,6,8,9
344,344,169.12177619203442,170.75226303480233,39.29446389964463,24.58265398730776,152.3996947779596,123.14307505124619,47.2994341500448,40.30683093904028,66.14939628599498,3.092420672151036,6.060186776170667,167.62864023003297,5,2,2,1,4,3,6,8,9
345,345,16.994235673447022,54.36188773616235,6.969486842665427,69.700235984561,73.93777900692355,41.52568125845274,34.10954225922856,51.08476173789059,42.930099524741166,5.37450299996209,31.061693355602415,0.2798097332836727,2,2,2,2,1,2,2,3,2
346,346,12.40565818119736,35.797445962613565,16.01883219950397,74.00858755728915,107.21502978733848,61.54886307901938,4.957563174504401,4.296248099916909,30.17354740634275,11.663409771478314,21.196248515066372,0.6068712945822708,2,2,1,2,1,2,2,2,2
347,347,14.575272678105378,36.2248429114224,11.23414927744868,39.873859907457806,154.31334874604033,49.86298350466699,15.428766315899708,34.92742576543765,29.471835071371316,11.069645835179927,23.910579268641527,1.687893922652828,2,2,2,2,1,1,1,3,1
348,348,7.897843440389513,21.697075859348722,15.137649147924513,46.42006463829915,148.4920551907234,112.87772046165644,35.22716546651512,44.428344439272095,29.84596391824155,12.708054698750203,23.203884532962718,3.782550704682275,2,2,2,2,1,1,1,3,1
349,349,6.799226188200008,12.403996683175462,10.024667965184566,18.567317391781195,154.36055181910092,112.63103477824846,44.24759998463159,10.458345585030855,29.14174557579676,13.444473550500703,23.95524725651748,4.722784822363576,1,2,2,2,1,1,1,2,1
350,350,13.230111053540746,16.655043311960988,18.542333216046956,8.912004389226619,144.37996655987834,162.9077372160843,7.595791984730425,7.054922434657925,20.18406231872254,9.014758682214591,-2.6964961481731677,2.0728400684162556,1,2,1,2,1,1,1,1,1
351,351,30.462706273685804,14.78153154166169,18.48200963087539,5.599786261482114,137.5766425495473,167.63757447722648,18.095764017493508,14.668529824228585,75.9899532035507,6.047391082945893,7.9644835323565815,2.153128448057216,2,2,2,1,1,3,3,3,3
352,352,143.93088910489362,96.39725360573617,145.4188814205021,96.5130280552768,153.57585581174843,163.6504988411041,28.607195304674747,60.590545340581144,26.22285315226702,4.4391677540521925,20.974062442553617,5.346710724818726,5,2,2,2,2,1,3,8,7
353,353,86.54020243716023,86.88413778787917,46.895199024455124,74.70616587140297,166.47391963915535,149.38013596036902,30.09057206310075,22.454926708629046,25.452924688617344,2.7106384758370154,20.632357700818602,4.808283760167458,4,2,2,2,1,1,1,6,3
354,354,58.97182788331503,2.764950968085978,29.973995278764665,14.465860296821317,150.57259470722016,76.86705448609615,14.21589944637472,116.38762081020019,16.487464021308057,1.9082858068498467,19.535223800816226,4.573114287825886,3,2,1,1,1,1,1,4,2
355,355,80.10743141299433,73.70270285971573,72.2353362284581,8.058320556761537,153.14703129928324,85.26170919682349,10.991670376319775,134.62551437867418,18.14124473713497,1.5948270652248482,23.874389514945733,3.200757155961251,4,2,1,2,1,1,1,5,3
356,356,76.37105298557294,84.30529224705816,70.69685828685536,39.966305297589635,141.45997699363454,129.39571898199839,14.422918717225883,11.658557067557553,16.539750293537423,1.8308730406204177,17.77258268723088,4.104937960557153,4,2,1,1,1,1,1,5,3
357,357,72.16076815686424,76.85514265173778,53.86529627011121,53.170211049602045,134.88003714889342,122.01936695094341,15.165567584223595,45.23656452715768,15.380231574705817,1.5358211922265923,18.517905943292902,4.75755249706529,4,2,2,1,1,1,1,6,3
358,358,83.80763477778655,81.06968699104361,36.37382047187269,46.90944826732951,130.44075719660424,101.21290162380573,11.83082378434807,39.71558746620835,15.448661750122739,3.722266850880658,24.653392300199187,5.27953725232488,3,2,2,2,2,1,3,5,4
359,359,59.765455265363755,38.7419471773766,31.326907771591213,33.64299711306988,110.76661055606282,90.19857605372013,20.957472114327032,107.39611665307359,18.646350935408748,5.296462173960236,21.712252597004266,6.12974016917495,4,2,2,2,2,1,3,6,5
360,360,39.54028693000786,19.052617844385384,14.159475798362893,2.1608963784689776,111.07572668899773,95.70369641508563,5.096493023839031,43.51652147071789,39.13207641245279,5.9563573690014096,16.577547205585432,7.8313316655982295,1,1,2,1,2,2,3,2,3
361,361,5.863590932511048,26.649014916811975,6.196715052136932,33.00214031176795,143.8466291581347,138.7815307330509,17.013965056718718,110.29889955893209,45.09036730340915,25.923943112357534,14.564160092619971,8.128359241277616,2,2,2,1,2,2,3,3,3
362,362,9.277608757946588,24.20333422942893,5.977613350906638,22.51401888718175,117.31438743795866,101.14515797226396,20.01472245883508,102.83250995956767,17.789171109685725,0.9756079150637618,10.624576386201767,7.686920297225914,2,2,2,1,2,1,2,3,2
363,363,17.30354093526967,12.298537962332622,9.0066156160793,0.49993072629677004,108.99358622008148,55.842786741975274,30.08280221305074,6.837333587147299,9.326046742810178,1.8169508782529533,-2.5719338503925258,11.690092788874455,1,2,2,2,2,1,3,2,3
364,364,20.958129365923163,25.76775792366069,17.22338543491357,23.52423120313364,97.47765786168698,77.15385008869326,11.290227500405308,1.7370995055732976,11.930278997371744,4.299232004948038,22.14761234905501,20.449880305366168,3,1,1,2,3,1,4,3,4
365,365,14.891144052426288,2.9399621879611817,46.6062891360176,21.903791035936443,148.64836718927103,144.59785333790077,-6.823901912097625,18.22539072295251,42.925598815742546,16.114371939324144,-0.02059527337857503,12.190687115474873,4,2,2,2,2,2,4,6,6
366,366,74.72006934432082,85.40788783808263,28.23650411833748,21.818405244655732,119.3266229563884,126.0687027428871,25.677275817251598,41.854086206654955,25.80858921155098,3.4340832936750587,11.6076502752654,4.563585377171271,4,2,2,1,1,1,1,6,3
367,367,144.10217208274506,149.85654806638695,108.43184112117169,167.12382652870957,130.15616606609456,157.4940631033617,83.45325295340639,29.253192633986004,21.572765484746924,12.039055015637473,28.888221780027067,8.558058459338557,5,2,2,2,2,1,3,8,7
368,368,80.48659194146073,133.91015433227756,112.45762541320182,144.3473359674442,137.174515617469,171.74487192217566,57.83236084968017,41.52565194350291,8.054399655681408,14.207193967431209,-0.5861466644405198,7.622019757110866,5,2,2,2,2,1,3,8,7
369,369,84.0306187809829,93.08277143898619,126.80864282868787,89.08886302558014,133.09824683319968,152.00460136449436,110.82577788563921,98.79446304333172,9.974512530302178,9.814957506396638,18.651971471373344,10.170724728013232,5,2,2,1,2,1,2,8,6
370,370,30.324118589580827,43.92050664060465,20.209856561990442,20.09885131512488,140.26422192730152,151.1043959921392,7.537383645342999,7.399711464221156,38.13480098917836,20.0306422760774,15.317087495730249,8.66312138243392,3,2,1,1,2,2,3,4,3
371,371,31.049505413906292,28.420598847167142,23.47515235528662,19.8994400376973,119.74622049560524,164.2027260513862,19.161652571524684,-0.768807953612793,34.0123449357539,15.750821419020582,12.006744614050916,10.910074604172245,3,2,2,1,2,2,3,5,4
372,372,28.361260512003607,24.595380380260288,32.79020235319306,20.853855862197744,138.6112052432584,161.6697502843223,9.347305330771434,-0.4673746759650328,31.415302563465502,15.76140909179071,13.977551134460185,11.833477126552383,3,2,1,1,2,2,3,4,3
373,373,65.67611572848236,59.12212753258364,23.334176440731074,29.04304211876181,109.94434188659028,159.92665128926552,-4.7460836736223655,11.3800433814867,31.369971858084256,12.968070693737644,18.319881852891086,11.33852219712031,4,2,1,1,2,2,3,5,4
374,374,58.74329078298771,48.983413771841995,62.331114892134615,61.779286425406646,89.73696215531359,94.90541307631729,8.402739307845422,35.662429344460605,24.9307613219288,7.783439450745959,7.582009347646135,14.010382208984481,4,1,2,1,2,1,2,5,4
375,375,43.883855174256475,9.13580170231947,77.76126343591808,64.72551312995238,61.06525494061843,132.41854261074667,5.1853421706217375,39.112688005851226,35.025626730519804,14.66164596452009,13.693796280641692,10.416371582323869,4,2,2,1,2,2,3,6,5
376,376,52.54128893604983,17.759753118144612,85.37604941744513,76.3140261080789,77.44186825635556,119.63647998385134,3.0000467381636327,28.075809340844785,41.18639712054693,14.830475641716987,11.684765346430538,10.372043340655814,4,2,2,1,2,2,3,6,5
377,377,44.92464012735566,7.520036381503923,97.53824282571499,112.22339441617615,63.86391998309908,127.22185776893593,28.17494033792866,38.65723160841071,35.50855164438187,14.533989890782578,16.789984660982725,10.003554474940495,5,2,2,1,2,2,3,8,7
378,378,50.13865992324161,14.757267273072507,28.053248456922088,29.586583743393277,92.21587445721916,173.58918239077266,20.39111203500991,4.344981585481605,38.1966464006195,19.739934234737973,15.844293296984915,7.70302988102624,3,2,1,1,2,2,3,4,3
379,379,53.508570777330696,12.6758927688306,96.58713371355518,96.04896508983497,77.58502471788492,124.50312980601555,41.10717635984736,27.450086021796523,36.077137618365015,19.30571031531406,10.971884427959282,10.349426349582396,5,2,2,1,2,2,3,8,7
380,380,52.61414536699756,9.494983190345197,92.64255111600141,90.46139021077913,75.90901342586969,137.09979536730697,26.983415020832382,29.254742182652166,37.21943776218282,16.76455398653502,9.761537402491456,11.569286600118335,5,2,2,1,2,2,3,8,7
381,381,69.31925843713654,117.77639080073324,88.15257932300294,114.95903229224251,173.1584678249226,157.47694647271774,80.33396080440743,85.7885645659738,11.852121548678326,15.780380976437897,1.6399820090158528,9.353796438634122,4,2,2,1,2,1,2,6,4
